{"TopParent":{"Type":"ControlInfo","Name":"Screen1","Template":{"Id":"http://microsoft.com/appmagic/screen","Version":"1.0","LastModifiedTimestamp":"0","Name":"screen","FirstParty":true,"IsCustomGroupControlTemplate":false,"CustomGroupControlTemplateName":"","IsComponentDefinition":false,"OverridableProperties":{}},"Index":0.0,"PublishOrderIndex":0,"VariantName":"","LayoutName":"","MetaDataIDKey":"","PersistMetaDataIDKey":false,"IsFromScreenLayout":false,"StyleName":"defaultScreenStyle","Parent":"","IsDataControl":false,"IsGroupControl":false,"IsAutoGenerated":false,"Rules":[{"Property":"BackgroundImage","Category":"Data","InvariantScript":"portada","RuleProviderType":"Unknown"},{"Property":"Fill","Category":"Design","InvariantScript":"RGBA(30, 45, 62, 1)","RuleProviderType":"Unknown"},{"Property":"ImagePosition","Category":"Design","InvariantScript":"ImagePosition.Stretch","RuleProviderType":"Unknown"},{"Property":"Height","Category":"Design","InvariantScript":"Max(App.Height, App.MinScreenHeight)","RuleProviderType":"Unknown"},{"Property":"Width","Category":"Design","InvariantScript":"Max(App.Width, App.MinScreenWidth)","RuleProviderType":"Unknown"},{"Property":"Size","Category":"Design","InvariantScript":"1 + CountRows(App.SizeBreakpoints) - CountIf(App.SizeBreakpoints, Value >= Self.Width)","RuleProviderType":"Unknown"},{"Property":"Orientation","Category":"Design","InvariantScript":"If(Self.Width < Self.Height, Layout.Vertical, Layout.Horizontal)","RuleProviderType":"Unknown"},{"Property":"LoadingSpinner","Category":"Design","InvariantScript":"LoadingSpinner.None","RuleProviderType":"Unknown"},{"Property":"LoadingSpinnerColor","Category":"Design","InvariantScript":"RGBA(0, 188, 242, 1)","RuleProviderType":"Unknown"}],"ControlPropertyState":["Fill",{"InvariantPropertyName":"ImagePosition","AutoRuleBindingEnabled":false,"AutoRuleBindingString":"","NameMapSourceSchema":"?","IsLockable":false,"AFDDataSourceName":""},"Height","Width","Size","Orientation","LoadingSpinner","LoadingSpinnerColor",{"InvariantPropertyName":"BackgroundImage","AutoRuleBindingEnabled":false,"AutoRuleBindingString":"","NameMapSourceSchema":"?","IsLockable":false,"AFDDataSourceName":""}],"IsLocked":false,"ControlUniqueId":"64","Children":[{"Type":"ControlInfo","Name":"Icon1","HasDynamicProperties":false,"Template":{"Id":"http://microsoft.com/appmagic/icon","Version":"2.2.0","LastModifiedTimestamp":"0","Name":"icon","FirstParty":true,"IsCustomGroupControlTemplate":false,"CustomGroupControlTemplateName":"","IsComponentDefinition":false,"OverridableProperties":{}},"Index":0.0,"PublishOrderIndex":0,"VariantName":"NextArrow","LayoutName":"","MetaDataIDKey":"","PersistMetaDataIDKey":false,"IsFromScreenLayout":false,"StyleName":"defaultIconStyle","Parent":"Screen1","IsDataControl":false,"IsGroupControl":false,"IsAutoGenerated":false,"Rules":[{"Property":"Icon","Category":"Design","InvariantScript":"Icon.NextArrow","RuleProviderType":"Unknown"},{"Property":"Color","Category":"Design","InvariantScript":"RGBA(148, 227, 249, 1)","RuleProviderType":"Unknown"},{"Property":"DisabledColor","Category":"Design","InvariantScript":"RGBA(220, 220, 220, 1)","RuleProviderType":"Unknown"},{"Property":"PressedColor","Category":"Design","InvariantScript":"ColorFade(RGBA(0, 188, 242, 1), 30%)","RuleProviderType":"Unknown"},{"Property":"HoverColor","Category":"Design","InvariantScript":"ColorFade(RGBA(0, 188, 242, 1), 30%)","RuleProviderType":"Unknown"},{"Property":"Fill","Category":"Design","InvariantScript":"RGBA(0, 0, 0, 0)","RuleProviderType":"Unknown"},{"Property":"DisabledFill","Category":"Design","InvariantScript":"RGBA(0, 0, 0, 0)","RuleProviderType":"Unknown"},{"Property":"PressedFill","Category":"Design","InvariantScript":"RGBA(0, 0, 0, 0)","RuleProviderType":"Unknown"},{"Property":"HoverFill","Category":"Design","InvariantScript":"RGBA(0, 0, 0, 0)","RuleProviderType":"Unknown"},{"Property":"DisplayMode","Category":"Design","InvariantScript":"DisplayMode.Edit","RuleProviderType":"Unknown"},{"Property":"X","Category":"Design","InvariantScript":"245","RuleProviderType":"Unknown"},{"Property":"Y","Category":"Design","InvariantScript":"820","RuleProviderType":"Unknown"},{"Property":"Width","Category":"Design","InvariantScript":"150","RuleProviderType":"Unknown"},{"Property":"Height","Category":"Design","InvariantScript":"122","RuleProviderType":"Unknown"},{"Property":"BorderStyle","Category":"Design","InvariantScript":"BorderStyle.Solid","RuleProviderType":"Unknown"},{"Property":"BorderColor","Category":"Design","InvariantScript":"RGBA(85, 106, 129, 1)","RuleProviderType":"Unknown"},{"Property":"DisabledBorderColor","Category":"Design","InvariantScript":"RGBA(0, 0, 0, 0)","RuleProviderType":"Unknown"},{"Property":"PressedBorderColor","Category":"Design","InvariantScript":"RGBA(0, 0, 0, 0)","RuleProviderType":"Unknown"},{"Property":"HoverBorderColor","Category":"Design","InvariantScript":"RGBA(0, 0, 0, 0)","RuleProviderType":"Unknown"},{"Property":"FocusedBorderColor","Category":"Design","InvariantScript":"Self.BorderColor","RuleProviderType":"Unknown"},{"Property":"ZIndex","Category":"Design","InvariantScript":"3","RuleProviderType":"Unknown"},{"Property":"BorderThickness","Category":"Design","InvariantScript":"0","RuleProviderType":"Unknown"},{"Property":"FocusedBorderThickness","Category":"Design","InvariantScript":"4","RuleProviderType":"Unknown"},{"Property":"OnSelect","Category":"Behavior","InvariantScript":"Navigate(BrowseScreen1, ScreenTransition.Fade)","RuleProviderType":"Unknown"}],"ControlPropertyState":["Icon",{"InvariantPropertyName":"Color","AutoRuleBindingEnabled":false,"AutoRuleBindingString":"","NameMapSourceSchema":"?","IsLockable":false,"AFDDataSourceName":""},"DisabledColor","PressedColor","HoverColor","Fill","DisabledFill","PressedFill","HoverFill","DisplayMode","X","Y","Width","Height","BorderStyle","BorderColor","DisabledBorderColor","PressedBorderColor","HoverBorderColor","FocusedBorderColor","ZIndex","BorderThickness","FocusedBorderThickness",{"InvariantPropertyName":"OnSelect","AutoRuleBindingEnabled":false,"AutoRuleBindingString":"false","NameMapSourceSchema":"?","IsLockable":false,"AFDDataSourceName":""}],"IsLocked":false,"ControlUniqueId":"65","Children":[]}]}}