{"TopParent":{"Type":"ControlInfo","Name":"DetailScreen1","Template":{"Id":"http://microsoft.com/appmagic/screen","Version":"1.0","LastModifiedTimestamp":"0","Name":"screen","FirstParty":true,"IsCustomGroupControlTemplate":false,"CustomGroupControlTemplateName":"","IsComponentDefinition":false,"OverridableProperties":{}},"Index":2.0,"PublishOrderIndex":0,"VariantName":"phoneDetailViewLayout_ver3.0","LayoutName":"vertical","MetaDataIDKey":"%DetailScreen.AFD%","PersistMetaDataIDKey":false,"IsFromScreenLayout":true,"StyleName":"defaultScreenStyle","Parent":"","IsDataControl":false,"IsGroupControl":false,"IsAutoGenerated":true,"Rules":[{"Property":"BackgroundImage","Category":"Data","InvariantScript":"'cambio climatico'","RuleProviderType":"Unknown"},{"Property":"Fill","Category":"Design","InvariantScript":"RGBA(30, 45, 62, 1)","RuleProviderType":"Unknown"},{"Property":"ImagePosition","Category":"Design","InvariantScript":"ImagePosition.Fill","RuleProviderType":"Unknown"},{"Property":"Height","Category":"Design","InvariantScript":"Max(App.Height, App.MinScreenHeight)","RuleProviderType":"Unknown"},{"Property":"Width","Category":"Design","InvariantScript":"Max(App.Width, App.MinScreenWidth)","RuleProviderType":"Unknown"},{"Property":"Size","Category":"Design","InvariantScript":"1 + CountRows(App.SizeBreakpoints) - CountIf(App.SizeBreakpoints, Value >= Self.Width)","RuleProviderType":"Unknown"},{"Property":"Orientation","Category":"Design","InvariantScript":"If(Self.Width < Self.Height, Layout.Vertical, Layout.Horizontal)","RuleProviderType":"Unknown"},{"Property":"LoadingSpinner","Category":"Design","InvariantScript":"LoadingSpinner.None","RuleProviderType":"Unknown"},{"Property":"LoadingSpinnerColor","Category":"Design","InvariantScript":"RGBA(0, 188, 242, 1)","RuleProviderType":"Unknown"}],"ControlPropertyState":["Fill",{"InvariantPropertyName":"ImagePosition","AutoRuleBindingEnabled":false,"AutoRuleBindingString":"","NameMapSourceSchema":"?","IsLockable":false,"AFDDataSourceName":""},"Height","Width","Size","Orientation","LoadingSpinner","LoadingSpinnerColor",{"InvariantPropertyName":"BackgroundImage","AutoRuleBindingEnabled":false,"AutoRuleBindingString":"","NameMapSourceSchema":"?","IsLockable":false,"AFDDataSourceName":""}],"IsLocked":false,"ControlUniqueId":"19","Children":[{"Type":"ControlInfo","Name":"RectQuickActionBar2","HasDynamicProperties":false,"Template":{"Id":"http://microsoft.com/appmagic/shapes/rectangle","Version":"2.0.0","LastModifiedTimestamp":"0","Name":"rectangle","FirstParty":true,"IsCustomGroupControlTemplate":false,"CustomGroupControlTemplateName":"","IsComponentDefinition":false,"OverridableProperties":{}},"Index":0.0,"PublishOrderIndex":16,"VariantName":"","LayoutName":"","MetaDataIDKey":"%TemplatePhoneRectQuickActionBar.ID%","PersistMetaDataIDKey":false,"IsFromScreenLayout":true,"StyleName":"invertedBackgroundRectangleStyle","Parent":"DetailScreen1","IsDataControl":false,"IsGroupControl":false,"IsAutoGenerated":true,"Rules":[{"Property":"Fill","Category":"Design","InvariantScript":"RGBA(0, 188, 242, 1)","RuleProviderType":"Unknown"},{"Property":"DisabledFill","Category":"Design","InvariantScript":"Self.Fill","RuleProviderType":"Unknown"},{"Property":"PressedFill","Category":"Design","InvariantScript":"Self.Fill","RuleProviderType":"Unknown"},{"Property":"HoverFill","Category":"Design","InvariantScript":"Self.Fill","RuleProviderType":"Unknown"},{"Property":"BorderColor","Category":"Design","InvariantScript":"RGBA(0, 0, 0, 0)","RuleProviderType":"Unknown"},{"Property":"BorderStyle","Category":"Design","InvariantScript":"BorderStyle.Solid","RuleProviderType":"Unknown"},{"Property":"FocusedBorderColor","Category":"Design","InvariantScript":"Self.BorderColor","RuleProviderType":"Unknown"},{"Property":"DisplayMode","Category":"Design","InvariantScript":"DisplayMode.Edit","RuleProviderType":"Unknown"},{"Property":"X","Category":"Design","InvariantScript":"0","RuleProviderType":"Unknown"},{"Property":"Y","Category":"Design","InvariantScript":"0","RuleProviderType":"Unknown"},{"Property":"Width","Category":"Design","InvariantScript":"Parent.Width","RuleProviderType":"Unknown"},{"Property":"Height","Category":"Design","InvariantScript":"88","RuleProviderType":"Unknown"},{"Property":"ZIndex","Category":"Design","InvariantScript":"1","RuleProviderType":"Unknown"}],"ControlPropertyState":["Fill","DisabledFill","PressedFill","HoverFill","BorderColor","BorderStyle","FocusedBorderColor","DisplayMode","X","Y","Width","Height","ZIndex"],"IsLocked":false,"ControlUniqueId":"20","Children":[]},{"Type":"ControlInfo","Name":"IconBackarrow1","HasDynamicProperties":false,"Template":{"Id":"http://microsoft.com/appmagic/icon","Version":"2.2.0","LastModifiedTimestamp":"0","Name":"icon","FirstParty":true,"IsCustomGroupControlTemplate":false,"CustomGroupControlTemplateName":"","IsComponentDefinition":false,"OverridableProperties":{}},"Index":0.0,"PublishOrderIndex":17,"VariantName":"ChevronLeft","LayoutName":"","MetaDataIDKey":"%TemplatePhoneIconBackarrow.ID%","PersistMetaDataIDKey":false,"IsFromScreenLayout":true,"StyleName":"invertedBkgHeaderIconStyle","Parent":"DetailScreen1","IsDataControl":false,"IsGroupControl":false,"IsAutoGenerated":true,"Rules":[{"Property":"Tooltip","Category":"Data","InvariantScript":"\"Volver a la lista\"","RuleProviderType":"Unknown"},{"Property":"AccessibleLabel","Category":"Data","InvariantScript":"Self.Tooltip","RuleProviderType":"Unknown"},{"Property":"Icon","Category":"Design","InvariantScript":"Icon.ChevronLeft","RuleProviderType":"Unknown"},{"Property":"Color","Category":"Design","InvariantScript":"RGBA(255, 255, 255, 1)","RuleProviderType":"Unknown"},{"Property":"DisabledColor","Category":"Design","InvariantScript":"RGBA(220, 220, 220, 1)","RuleProviderType":"Unknown"},{"Property":"PressedColor","Category":"Design","InvariantScript":"ColorFade(Self.Color, -20%)","RuleProviderType":"Unknown"},{"Property":"HoverColor","Category":"Design","InvariantScript":"ColorFade(Self.Color, 20%)","RuleProviderType":"Unknown"},{"Property":"Fill","Category":"Design","InvariantScript":"RGBA(0, 0, 0, 0)","RuleProviderType":"Unknown"},{"Property":"DisabledFill","Category":"Design","InvariantScript":"Self.Fill","RuleProviderType":"Unknown"},{"Property":"PressedFill","Category":"Design","InvariantScript":"RGBA(0, 0, 0, 0)","RuleProviderType":"Unknown"},{"Property":"HoverFill","Category":"Design","InvariantScript":"Self.Fill","RuleProviderType":"Unknown"},{"Property":"DisplayMode","Category":"Design","InvariantScript":"DisplayMode.Edit","RuleProviderType":"Unknown"},{"Property":"X","Category":"Design","InvariantScript":"0","RuleProviderType":"Unknown"},{"Property":"Y","Category":"Design","InvariantScript":"0","RuleProviderType":"Unknown"},{"Property":"Width","Category":"Design","InvariantScript":"88","RuleProviderType":"Unknown"},{"Property":"Height","Category":"Design","InvariantScript":"88","RuleProviderType":"Unknown"},{"Property":"BorderStyle","Category":"Design","InvariantScript":"BorderStyle.Solid","RuleProviderType":"Unknown"},{"Property":"BorderColor","Category":"Design","InvariantScript":"RGBA(0, 0, 0, 0)","RuleProviderType":"Unknown"},{"Property":"DisabledBorderColor","Category":"Design","InvariantScript":"RGBA(0, 0, 0, 0)","RuleProviderType":"Unknown"},{"Property":"PressedBorderColor","Category":"Design","InvariantScript":"ColorFade(Self.BorderColor, -20%)","RuleProviderType":"Unknown"},{"Property":"HoverBorderColor","Category":"Design","InvariantScript":"ColorFade(Self.BorderColor, 20%)","RuleProviderType":"Unknown"},{"Property":"FocusedBorderColor","Category":"Design","InvariantScript":"Self.BorderColor","RuleProviderType":"Unknown"},{"Property":"ZIndex","Category":"Design","InvariantScript":"2","RuleProviderType":"Unknown"},{"Property":"PaddingLeft","Category":"Design","InvariantScript":"24","RuleProviderType":"Unknown"},{"Property":"PaddingRight","Category":"Design","InvariantScript":"24","RuleProviderType":"Unknown"},{"Property":"PaddingTop","Category":"Design","InvariantScript":"24","RuleProviderType":"Unknown"},{"Property":"PaddingBottom","Category":"Design","InvariantScript":"24","RuleProviderType":"Unknown"},{"Property":"TabIndex","Category":"Design","InvariantScript":"0","RuleProviderType":"Unknown"},{"Property":"OnSelect","Category":"Behavior","InvariantScript":"Navigate(BrowseScreen1, ScreenTransition.None)","RuleProviderType":"Unknown"}],"ControlPropertyState":[{"InvariantPropertyName":"OnSelect","AutoRuleBindingEnabled":false,"AutoRuleBindingString":"","NameMapSourceSchema":"?","IsLockable":false,"AFDDataSourceName":""},{"InvariantPropertyName":"Tooltip","AutoRuleBindingEnabled":false,"AutoRuleBindingString":"","NameMapSourceSchema":"?","IsLockable":false,"AFDDataSourceName":""},{"InvariantPropertyName":"AccessibleLabel","AutoRuleBindingEnabled":false,"AutoRuleBindingString":"","NameMapSourceSchema":"?","IsLockable":false,"AFDDataSourceName":""},"Icon","Color","DisabledColor","PressedColor","HoverColor","Fill","DisabledFill","PressedFill","HoverFill","DisplayMode","X","Y","Width","Height","BorderStyle","BorderColor","DisabledBorderColor","PressedBorderColor","HoverBorderColor","FocusedBorderColor","ZIndex","PaddingLeft","PaddingRight","PaddingTop","PaddingBottom","TabIndex"],"IsLocked":false,"ControlUniqueId":"21","Children":[]},{"Type":"ControlInfo","Name":"LblAppName2","HasDynamicProperties":false,"Template":{"Id":"http://microsoft.com/appmagic/label","Version":"2.3.0","LastModifiedTimestamp":"0","Name":"label","FirstParty":true,"IsCustomGroupControlTemplate":false,"CustomGroupControlTemplateName":"","IsComponentDefinition":false,"OverridableProperties":{}},"Index":0.0,"PublishOrderIndex":18,"VariantName":"","LayoutName":"","MetaDataIDKey":"%TemplatePhoneLblAppName.ID%","PersistMetaDataIDKey":false,"IsFromScreenLayout":true,"StyleName":"invertedBkgHeaderLabelStyle","Parent":"DetailScreen1","IsDataControl":false,"IsGroupControl":false,"IsAutoGenerated":true,"Rules":[{"Property":"Live","Category":"Data","InvariantScript":"Live.Off","RuleProviderType":"Unknown"},{"Property":"Text","Category":"Data","InvariantScript":"\"Categories\"","RuleProviderType":"Unknown"},{"Property":"Role","Category":"Data","InvariantScript":"TextRole.Default","RuleProviderType":"Unknown"},{"Property":"Overflow","Category":"Design","InvariantScript":"Overflow.Hidden","RuleProviderType":"Unknown"},{"Property":"Color","Category":"Design","InvariantScript":"RGBA(30, 45, 62, 1)","RuleProviderType":"Unknown"},{"Property":"DisabledColor","Category":"Design","InvariantScript":"RGBA(166, 166, 166, 1)","RuleProviderType":"Unknown"},{"Property":"PressedColor","Category":"Design","InvariantScript":"Self.Color","RuleProviderType":"Unknown"},{"Property":"HoverColor","Category":"Design","InvariantScript":"Self.Color","RuleProviderType":"Unknown"},{"Property":"BorderColor","Category":"Design","InvariantScript":"RGBA(0, 0, 0, 1)","RuleProviderType":"Unknown"},{"Property":"DisabledBorderColor","Category":"Design","InvariantScript":"RGBA(56, 56, 56, 1)","RuleProviderType":"Unknown"},{"Property":"PressedBorderColor","Category":"Design","InvariantScript":"Self.BorderColor","RuleProviderType":"Unknown"},{"Property":"HoverBorderColor","Category":"Design","InvariantScript":"Self.BorderColor","RuleProviderType":"Unknown"},{"Property":"BorderStyle","Category":"Design","InvariantScript":"BorderStyle.Solid","RuleProviderType":"Unknown"},{"Property":"FocusedBorderColor","Category":"Design","InvariantScript":"Self.BorderColor","RuleProviderType":"Unknown"},{"Property":"Fill","Category":"Design","InvariantScript":"RGBA(0, 0, 0, 0)","RuleProviderType":"Unknown"},{"Property":"DisabledFill","Category":"Design","InvariantScript":"RGBA(0, 0, 0, 0)","RuleProviderType":"Unknown"},{"Property":"PressedFill","Category":"Design","InvariantScript":"Self.Fill","RuleProviderType":"Unknown"},{"Property":"HoverFill","Category":"Design","InvariantScript":"Self.Fill","RuleProviderType":"Unknown"},{"Property":"Font","Category":"Design","InvariantScript":"Font.'Segoe UI'","RuleProviderType":"Unknown"},{"Property":"FontWeight","Category":"Design","InvariantScript":"FontWeight.Normal","RuleProviderType":"Unknown"},{"Property":"Align","Category":"Design","InvariantScript":"Align.Left","RuleProviderType":"Unknown"},{"Property":"VerticalAlign","Category":"Design","InvariantScript":"VerticalAlign.Middle","RuleProviderType":"Unknown"},{"Property":"X","Category":"Design","InvariantScript":"IconBackarrow1.X + IconBackarrow1.Width","RuleProviderType":"Unknown"},{"Property":"Y","Category":"Design","InvariantScript":"0","RuleProviderType":"Unknown"},{"Property":"Width","Category":"Design","InvariantScript":"Parent.Width - Self.X - IconDelete1.Width - IconEdit1.Width","RuleProviderType":"Unknown"},{"Property":"Height","Category":"Design","InvariantScript":"88","RuleProviderType":"Unknown"},{"Property":"DisplayMode","Category":"Design","InvariantScript":"DisplayMode.Edit","RuleProviderType":"Unknown"},{"Property":"ZIndex","Category":"Design","InvariantScript":"5","RuleProviderType":"Unknown"},{"Property":"Wrap","Category":"Design","InvariantScript":"false","RuleProviderType":"Unknown"},{"Property":"Size","Category":"Design","InvariantScript":"27","RuleProviderType":"Unknown"}],"ControlPropertyState":[{"InvariantPropertyName":"Text","AutoRuleBindingEnabled":false,"AutoRuleBindingString":"","NameMapSourceSchema":"?","IsLockable":false,"AFDDataSourceName":""},"Live","Overflow","Role","Color","DisabledColor","PressedColor","HoverColor","BorderColor","DisabledBorderColor","PressedBorderColor","HoverBorderColor","BorderStyle","FocusedBorderColor","Fill","DisabledFill","PressedFill","HoverFill","Font","FontWeight","Align","VerticalAlign","X","Y","Width","Height","DisplayMode","ZIndex","Wrap","Size"],"IsLocked":false,"ControlUniqueId":"22","Children":[]},{"Type":"ControlInfo","Name":"IconDelete1","HasDynamicProperties":false,"Template":{"Id":"http://microsoft.com/appmagic/icon","Version":"2.2.0","LastModifiedTimestamp":"0","Name":"icon","FirstParty":true,"IsCustomGroupControlTemplate":false,"CustomGroupControlTemplateName":"","IsComponentDefinition":false,"OverridableProperties":{}},"Index":0.0,"PublishOrderIndex":19,"VariantName":"Trash","LayoutName":"","MetaDataIDKey":"%TemplatePhoneIconDelete.ID%","PersistMetaDataIDKey":false,"IsFromScreenLayout":true,"StyleName":"invertedBkgHeaderIconStyle","Parent":"DetailScreen1","IsDataControl":false,"IsGroupControl":false,"IsAutoGenerated":true,"Rules":[{"Property":"Tooltip","Category":"Data","InvariantScript":"\"Eliminar este elemento\"","RuleProviderType":"Unknown"},{"Property":"AccessibleLabel","Category":"Data","InvariantScript":"Self.Tooltip","RuleProviderType":"Unknown"},{"Property":"Icon","Category":"Design","InvariantScript":"Icon.Trash","RuleProviderType":"Unknown"},{"Property":"Color","Category":"Design","InvariantScript":"RGBA(255, 255, 255, 1)","RuleProviderType":"Unknown"},{"Property":"DisabledColor","Category":"Design","InvariantScript":"RGBA(220, 220, 220, 1)","RuleProviderType":"Unknown"},{"Property":"PressedColor","Category":"Design","InvariantScript":"ColorFade(Self.Color, -20%)","RuleProviderType":"Unknown"},{"Property":"HoverColor","Category":"Design","InvariantScript":"ColorFade(Self.Color, 20%)","RuleProviderType":"Unknown"},{"Property":"Fill","Category":"Design","InvariantScript":"RGBA(0, 0, 0, 0)","RuleProviderType":"Unknown"},{"Property":"DisabledFill","Category":"Design","InvariantScript":"Self.Fill","RuleProviderType":"Unknown"},{"Property":"PressedFill","Category":"Design","InvariantScript":"RGBA(0, 0, 0, 0)","RuleProviderType":"Unknown"},{"Property":"HoverFill","Category":"Design","InvariantScript":"Self.Fill","RuleProviderType":"Unknown"},{"Property":"DisplayMode","Category":"Design","InvariantScript":"If(!IsBlank(BrowseGallery1.Selected) && DataSourceInfo([@Categories], DataSourceInfo.DeletePermission), DisplayMode.Edit, DisplayMode.Disabled)","RuleProviderType":"Unknown"},{"Property":"X","Category":"Design","InvariantScript":"Parent.Width - IconEdit1.Width - Self.Width","RuleProviderType":"Unknown"},{"Property":"Y","Category":"Design","InvariantScript":"0","RuleProviderType":"Unknown"},{"Property":"Width","Category":"Design","InvariantScript":"88","RuleProviderType":"Unknown"},{"Property":"Height","Category":"Design","InvariantScript":"88","RuleProviderType":"Unknown"},{"Property":"BorderStyle","Category":"Design","InvariantScript":"BorderStyle.Solid","RuleProviderType":"Unknown"},{"Property":"BorderColor","Category":"Design","InvariantScript":"RGBA(0, 0, 0, 0)","RuleProviderType":"Unknown"},{"Property":"DisabledBorderColor","Category":"Design","InvariantScript":"RGBA(0, 0, 0, 0)","RuleProviderType":"Unknown"},{"Property":"PressedBorderColor","Category":"Design","InvariantScript":"ColorFade(Self.BorderColor, -20%)","RuleProviderType":"Unknown"},{"Property":"HoverBorderColor","Category":"Design","InvariantScript":"ColorFade(Self.BorderColor, 20%)","RuleProviderType":"Unknown"},{"Property":"FocusedBorderColor","Category":"Design","InvariantScript":"Self.BorderColor","RuleProviderType":"Unknown"},{"Property":"ZIndex","Category":"Design","InvariantScript":"4","RuleProviderType":"Unknown"},{"Property":"PaddingLeft","Category":"Design","InvariantScript":"24","RuleProviderType":"Unknown"},{"Property":"PaddingRight","Category":"Design","InvariantScript":"24","RuleProviderType":"Unknown"},{"Property":"PaddingTop","Category":"Design","InvariantScript":"24","RuleProviderType":"Unknown"},{"Property":"PaddingBottom","Category":"Design","InvariantScript":"24","RuleProviderType":"Unknown"},{"Property":"TabIndex","Category":"Design","InvariantScript":"0","RuleProviderType":"Unknown"},{"Property":"OnSelect","Category":"Behavior","InvariantScript":"Remove([@Categories], BrowseGallery1.Selected); If (IsEmpty(Errors([@Categories], BrowseGallery1.Selected)), Back())","RuleProviderType":"Unknown"}],"ControlPropertyState":[{"InvariantPropertyName":"DisplayMode","AutoRuleBindingEnabled":false,"AutoRuleBindingString":"","NameMapSourceSchema":"?","IsLockable":false,"AFDDataSourceName":""},{"InvariantPropertyName":"OnSelect","AutoRuleBindingEnabled":false,"AutoRuleBindingString":"","NameMapSourceSchema":"?","IsLockable":false,"AFDDataSourceName":""},{"InvariantPropertyName":"Tooltip","AutoRuleBindingEnabled":false,"AutoRuleBindingString":"","NameMapSourceSchema":"?","IsLockable":false,"AFDDataSourceName":""},{"InvariantPropertyName":"AccessibleLabel","AutoRuleBindingEnabled":false,"AutoRuleBindingString":"","NameMapSourceSchema":"?","IsLockable":false,"AFDDataSourceName":""},"Icon","Color","DisabledColor","PressedColor","HoverColor","Fill","DisabledFill","PressedFill","HoverFill","X","Y","Width","Height","BorderStyle","BorderColor","DisabledBorderColor","PressedBorderColor","HoverBorderColor","FocusedBorderColor","ZIndex","PaddingLeft","PaddingRight","PaddingTop","PaddingBottom","TabIndex"],"IsLocked":false,"ControlUniqueId":"23","Children":[]},{"Type":"ControlInfo","Name":"IconEdit1","HasDynamicProperties":false,"Template":{"Id":"http://microsoft.com/appmagic/icon","Version":"2.2.0","LastModifiedTimestamp":"0","Name":"icon","FirstParty":true,"IsCustomGroupControlTemplate":false,"CustomGroupControlTemplateName":"","IsComponentDefinition":false,"OverridableProperties":{}},"Index":0.0,"PublishOrderIndex":20,"VariantName":"Edit","LayoutName":"","MetaDataIDKey":"%TemplatePhoneIconEdit.ID%","PersistMetaDataIDKey":false,"IsFromScreenLayout":true,"StyleName":"invertedBkgHeaderIconStyle","Parent":"DetailScreen1","IsDataControl":false,"IsGroupControl":false,"IsAutoGenerated":true,"Rules":[{"Property":"Tooltip","Category":"Data","InvariantScript":"\"Editar este elemento\"","RuleProviderType":"Unknown"},{"Property":"AccessibleLabel","Category":"Data","InvariantScript":"Self.Tooltip","RuleProviderType":"Unknown"},{"Property":"Icon","Category":"Design","InvariantScript":"Icon.Edit","RuleProviderType":"Unknown"},{"Property":"Color","Category":"Design","InvariantScript":"RGBA(255, 255, 255, 1)","RuleProviderType":"Unknown"},{"Property":"DisabledColor","Category":"Design","InvariantScript":"RGBA(220, 220, 220, 1)","RuleProviderType":"Unknown"},{"Property":"PressedColor","Category":"Design","InvariantScript":"ColorFade(Self.Color, -20%)","RuleProviderType":"Unknown"},{"Property":"HoverColor","Category":"Design","InvariantScript":"ColorFade(Self.Color, 20%)","RuleProviderType":"Unknown"},{"Property":"Fill","Category":"Design","InvariantScript":"RGBA(0, 0, 0, 0)","RuleProviderType":"Unknown"},{"Property":"DisabledFill","Category":"Design","InvariantScript":"Self.Fill","RuleProviderType":"Unknown"},{"Property":"PressedFill","Category":"Design","InvariantScript":"RGBA(0, 0, 0, 0)","RuleProviderType":"Unknown"},{"Property":"HoverFill","Category":"Design","InvariantScript":"Self.Fill","RuleProviderType":"Unknown"},{"Property":"DisplayMode","Category":"Design","InvariantScript":"If(DataSourceInfo([@Categories], DataSourceInfo.EditPermission), DisplayMode.Edit, DisplayMode.Disabled)","RuleProviderType":"Unknown"},{"Property":"X","Category":"Design","InvariantScript":"Parent.Width - Self.Width","RuleProviderType":"Unknown"},{"Property":"Y","Category":"Design","InvariantScript":"0","RuleProviderType":"Unknown"},{"Property":"Width","Category":"Design","InvariantScript":"88","RuleProviderType":"Unknown"},{"Property":"Height","Category":"Design","InvariantScript":"88","RuleProviderType":"Unknown"},{"Property":"BorderStyle","Category":"Design","InvariantScript":"BorderStyle.Solid","RuleProviderType":"Unknown"},{"Property":"BorderColor","Category":"Design","InvariantScript":"RGBA(0, 0, 0, 0)","RuleProviderType":"Unknown"},{"Property":"DisabledBorderColor","Category":"Design","InvariantScript":"RGBA(0, 0, 0, 0)","RuleProviderType":"Unknown"},{"Property":"PressedBorderColor","Category":"Design","InvariantScript":"ColorFade(Self.BorderColor, -20%)","RuleProviderType":"Unknown"},{"Property":"HoverBorderColor","Category":"Design","InvariantScript":"ColorFade(Self.BorderColor, 20%)","RuleProviderType":"Unknown"},{"Property":"FocusedBorderColor","Category":"Design","InvariantScript":"Self.BorderColor","RuleProviderType":"Unknown"},{"Property":"ZIndex","Category":"Design","InvariantScript":"3","RuleProviderType":"Unknown"},{"Property":"PaddingLeft","Category":"Design","InvariantScript":"24","RuleProviderType":"Unknown"},{"Property":"PaddingRight","Category":"Design","InvariantScript":"24","RuleProviderType":"Unknown"},{"Property":"PaddingTop","Category":"Design","InvariantScript":"24","RuleProviderType":"Unknown"},{"Property":"PaddingBottom","Category":"Design","InvariantScript":"24","RuleProviderType":"Unknown"},{"Property":"TabIndex","Category":"Design","InvariantScript":"0","RuleProviderType":"Unknown"},{"Property":"OnSelect","Category":"Behavior","InvariantScript":"EditForm(EditForm1);Navigate(EditScreen1, ScreenTransition.None)","RuleProviderType":"Unknown"}],"ControlPropertyState":[{"InvariantPropertyName":"DisplayMode","AutoRuleBindingEnabled":false,"AutoRuleBindingString":"","NameMapSourceSchema":"?","IsLockable":false,"AFDDataSourceName":""},{"InvariantPropertyName":"OnSelect","AutoRuleBindingEnabled":false,"AutoRuleBindingString":"","NameMapSourceSchema":"?","IsLockable":false,"AFDDataSourceName":""},{"InvariantPropertyName":"Tooltip","AutoRuleBindingEnabled":false,"AutoRuleBindingString":"","NameMapSourceSchema":"?","IsLockable":false,"AFDDataSourceName":""},{"InvariantPropertyName":"AccessibleLabel","AutoRuleBindingEnabled":false,"AutoRuleBindingString":"","NameMapSourceSchema":"?","IsLockable":false,"AFDDataSourceName":""},"Icon","Color","DisabledColor","PressedColor","HoverColor","Fill","DisabledFill","PressedFill","HoverFill","X","Y","Width","Height","BorderStyle","BorderColor","DisabledBorderColor","PressedBorderColor","HoverBorderColor","FocusedBorderColor","ZIndex","PaddingLeft","PaddingRight","PaddingTop","PaddingBottom","TabIndex"],"IsLocked":false,"ControlUniqueId":"24","Children":[]},{"Type":"ControlInfo","Name":"DetailForm1","HasDynamicProperties":false,"Template":{"Id":"http://microsoft.com/appmagic/formViewer","Version":"2.0.0","LastModifiedTimestamp":"0","Name":"formViewer","FirstParty":true,"IsCustomGroupControlTemplate":false,"CustomGroupControlTemplateName":"","IsComponentDefinition":false,"OverridableProperties":{}},"Index":0.0,"PublishOrderIndex":21,"VariantName":"","LayoutName":"vertical","MetaDataIDKey":"%DetailViewContainer.ID%","PersistMetaDataIDKey":false,"IsFromScreenLayout":true,"StyleName":"defaultFormViewerStyle","Parent":"DetailScreen1","IsDataControl":false,"IsGroupControl":false,"IsAutoGenerated":true,"Rules":[{"Property":"DataSource","Category":"Data","InvariantScript":"[@Categories]","RuleProviderType":"Unknown"},{"Property":"Item","Category":"Data","InvariantScript":"BrowseGallery1.Selected","RuleProviderType":"Unknown"},{"Property":"Fill","Category":"Design","InvariantScript":"RGBA(0, 0, 0, 0)","RuleProviderType":"Unknown"},{"Property":"BorderColor","Category":"Design","InvariantScript":"RGBA(85, 106, 129, 1)","RuleProviderType":"Unknown"},{"Property":"BorderStyle","Category":"Design","InvariantScript":"BorderStyle.Solid","RuleProviderType":"Unknown"},{"Property":"X","Category":"Design","InvariantScript":"0","RuleProviderType":"Unknown"},{"Property":"Y","Category":"Design","InvariantScript":"RectQuickActionBar2.Y + RectQuickActionBar2.Height","RuleProviderType":"Unknown"},{"Property":"Width","Category":"Design","InvariantScript":"Parent.Width","RuleProviderType":"Unknown"},{"Property":"Height","Category":"Design","InvariantScript":"Parent.Height - DetailForm1.Y","RuleProviderType":"Unknown"},{"Property":"ZIndex","Category":"Design","InvariantScript":"6","RuleProviderType":"Unknown"}],"ControlPropertyState":[{"InvariantPropertyName":"DataSource","AutoRuleBindingEnabled":false,"AutoRuleBindingString":"","NameMapSourceSchema":"?","IsLockable":false,"AFDDataSourceName":""},{"InvariantPropertyName":"Item","AutoRuleBindingEnabled":false,"AutoRuleBindingString":"","NameMapSourceSchema":"?","IsLockable":false,"AFDDataSourceName":""},{"InvariantPropertyName":"Fill","AutoRuleBindingEnabled":false,"AutoRuleBindingString":"","NameMapSourceSchema":"?","IsLockable":false,"AFDDataSourceName":""},"BorderColor","BorderStyle","X","Y","Width","Height","ZIndex"],"IsLocked":false,"ControlUniqueId":"25","ControlThisItemType":{"Version":"1.294","Type":{"Name":"Root","Kind":"Record","EnumString":"","Type":[{"Name":"Category_ID","Kind":"String","EnumString":"","Type":[]},{"Name":"Description","Kind":"String","EnumString":"","Type":[]},{"Name":"Featured_Image","Kind":"String","EnumString":"","Type":[]},{"Name":"Name","Kind":"String","EnumString":"","Type":[]}],"ProjectionInfoDataSources":["Categories"]}},"Children":[{"Type":"ControlInfo","Name":"Category_ID_DataCard1","HasDynamicProperties":false,"Template":{"Id":"http://microsoft.com/appmagic/card","Version":"1.0","LastModifiedTimestamp":"0","Name":"typedDataCard","FirstParty":true,"IsCustomGroupControlTemplate":false,"CustomGroupControlTemplateName":"","IsComponentDefinition":false,"OverridableProperties":{}},"Index":0.0,"PublishOrderIndex":22,"VariantName":"textualViewCard","LayoutName":"","MetaDataIDKey":"%Category_ID.ID%","PersistMetaDataIDKey":false,"IsFromScreenLayout":true,"StyleName":"defaultTypedDataCardStyle","Parent":"DetailForm1","IsDataControl":false,"IsGroupControl":false,"IsAutoGenerated":true,"Rules":[{"Property":"DataField","Category":"Data","InvariantScript":"\"Category_ID\"","RuleProviderType":"Unknown"},{"Property":"DisplayName","Category":"Data","InvariantScript":"\"Category_ID\"","RuleProviderType":"Unknown"},{"Property":"Required","Category":"Data","InvariantScript":"false","RuleProviderType":"Unknown"},{"Property":"Default","Category":"Data","InvariantScript":"ThisItem.Category_ID","RuleProviderType":"Unknown"},{"Property":"BorderColor","Category":"Design","InvariantScript":"RGBA(85, 106, 129, 1)","RuleProviderType":"Unknown"},{"Property":"BorderStyle","Category":"Design","InvariantScript":"BorderStyle.Solid","RuleProviderType":"Unknown"},{"Property":"Fill","Category":"Design","InvariantScript":"RGBA(0, 0, 0, 0)","RuleProviderType":"Unknown"},{"Property":"X","Category":"Design","InvariantScript":"0","RuleProviderType":"Unknown"},{"Property":"Y","Category":"Design","InvariantScript":"0","RuleProviderType":"Unknown"},{"Property":"Width","Category":"Design","InvariantScript":"640","RuleProviderType":"Unknown"},{"Property":"Height","Category":"Design","InvariantScript":"40","RuleProviderType":"Unknown"},{"Property":"DisplayMode","Category":"Design","InvariantScript":"DisplayMode.View","RuleProviderType":"Unknown"},{"Property":"ZIndex","Category":"Design","InvariantScript":"1","RuleProviderType":"Unknown"}],"ControlPropertyState":[{"InvariantPropertyName":"DataField","AutoRuleBindingEnabled":true,"AutoRuleBindingString":"","NameMapSourceSchema":"?","IsLockable":true,"AFDDataSourceName":""},{"InvariantPropertyName":"DisplayName","AutoRuleBindingEnabled":true,"AutoRuleBindingString":"","NameMapSourceSchema":"?","IsLockable":true,"AFDDataSourceName":""},{"InvariantPropertyName":"Required","AutoRuleBindingEnabled":true,"AutoRuleBindingString":"","NameMapSourceSchema":"?","IsLockable":true,"AFDDataSourceName":""},{"InvariantPropertyName":"DisplayMode","AutoRuleBindingEnabled":true,"AutoRuleBindingString":"","NameMapSourceSchema":"?","IsLockable":true,"AFDDataSourceName":""},{"InvariantPropertyName":"Default","AutoRuleBindingEnabled":true,"AutoRuleBindingString":"","NameMapSourceSchema":"?","IsLockable":true,"AFDDataSourceName":""},"BorderColor","BorderStyle","Fill","X","Y","Width","Height","ZIndex"],"IsLocked":true,"ControlUniqueId":"26","Children":[{"Type":"ControlInfo","Name":"DataCardKey1","HasDynamicProperties":false,"Template":{"Id":"http://microsoft.com/appmagic/label","Version":"2.3.0","LastModifiedTimestamp":"0","Name":"label","FirstParty":true,"IsCustomGroupControlTemplate":false,"CustomGroupControlTemplateName":"","IsComponentDefinition":false,"OverridableProperties":{}},"Index":0.0,"PublishOrderIndex":23,"VariantName":"","LayoutName":"","MetaDataIDKey":"%FieldName.ID%","PersistMetaDataIDKey":false,"IsFromScreenLayout":true,"StyleName":"accentLabelStyle","Parent":"Category_ID_DataCard1","IsDataControl":false,"IsGroupControl":false,"IsAutoGenerated":true,"Rules":[{"Property":"Live","Category":"Data","InvariantScript":"Live.Off","RuleProviderType":"Unknown"},{"Property":"Text","Category":"Data","InvariantScript":"Parent.DisplayName","RuleProviderType":"Unknown"},{"Property":"Role","Category":"Data","InvariantScript":"TextRole.Default","RuleProviderType":"Unknown"},{"Property":"Overflow","Category":"Design","InvariantScript":"Overflow.Hidden","RuleProviderType":"Unknown"},{"Property":"Color","Category":"Design","InvariantScript":"RGBA(0, 0, 0, 1)","RuleProviderType":"Unknown"},{"Property":"DisabledColor","Category":"Design","InvariantScript":"RGBA(166, 166, 166, 1)","RuleProviderType":"Unknown"},{"Property":"PressedColor","Category":"Design","InvariantScript":"Self.Color","RuleProviderType":"Unknown"},{"Property":"HoverColor","Category":"Design","InvariantScript":"Self.Color","RuleProviderType":"Unknown"},{"Property":"BorderColor","Category":"Design","InvariantScript":"RGBA(0, 0, 0, 0)","RuleProviderType":"Unknown"},{"Property":"DisabledBorderColor","Category":"Design","InvariantScript":"RGBA(0, 0, 0, 0)","RuleProviderType":"Unknown"},{"Property":"PressedBorderColor","Category":"Design","InvariantScript":"Self.BorderColor","RuleProviderType":"Unknown"},{"Property":"HoverBorderColor","Category":"Design","InvariantScript":"Self.BorderColor","RuleProviderType":"Unknown"},{"Property":"BorderStyle","Category":"Design","InvariantScript":"BorderStyle.None","RuleProviderType":"Unknown"},{"Property":"FocusedBorderColor","Category":"Design","InvariantScript":"Self.BorderColor","RuleProviderType":"Unknown"},{"Property":"Fill","Category":"Design","InvariantScript":"RGBA(0, 0, 0, 0)","RuleProviderType":"Unknown"},{"Property":"DisabledFill","Category":"Design","InvariantScript":"RGBA(0, 0, 0, 0)","RuleProviderType":"Unknown"},{"Property":"PressedFill","Category":"Design","InvariantScript":"Self.Fill","RuleProviderType":"Unknown"},{"Property":"HoverFill","Category":"Design","InvariantScript":"Self.Fill","RuleProviderType":"Unknown"},{"Property":"Font","Category":"Design","InvariantScript":"Font.'Segoe UI'","RuleProviderType":"Unknown"},{"Property":"FontWeight","Category":"Design","InvariantScript":"FontWeight.Bold","RuleProviderType":"Unknown"},{"Property":"Align","Category":"Design","InvariantScript":"Align.Left","RuleProviderType":"Unknown"},{"Property":"VerticalAlign","Category":"Design","InvariantScript":"VerticalAlign.Middle","RuleProviderType":"Unknown"},{"Property":"X","Category":"Design","InvariantScript":"30","RuleProviderType":"Unknown"},{"Property":"Y","Category":"Design","InvariantScript":"10","RuleProviderType":"Unknown"},{"Property":"Width","Category":"Design","InvariantScript":"Parent.Width - 60","RuleProviderType":"Unknown"},{"Property":"Height","Category":"Design","InvariantScript":"48","RuleProviderType":"Unknown"},{"Property":"DisplayMode","Category":"Design","InvariantScript":"DisplayMode.Edit","RuleProviderType":"Unknown"},{"Property":"ZIndex","Category":"Design","InvariantScript":"1","RuleProviderType":"Unknown"},{"Property":"AutoHeight","Category":"Design","InvariantScript":"true","RuleProviderType":"Unknown"},{"Property":"Wrap","Category":"Design","InvariantScript":"false","RuleProviderType":"Unknown"},{"Property":"PaddingTop","Category":"Design","InvariantScript":"5","RuleProviderType":"Unknown"},{"Property":"PaddingRight","Category":"Design","InvariantScript":"5","RuleProviderType":"Unknown"},{"Property":"PaddingBottom","Category":"Design","InvariantScript":"5","RuleProviderType":"Unknown"},{"Property":"PaddingLeft","Category":"Design","InvariantScript":"0","RuleProviderType":"Unknown"},{"Property":"LineHeight","Category":"Design","InvariantScript":"1.2","RuleProviderType":"Unknown"},{"Property":"BorderThickness","Category":"Design","InvariantScript":"2","RuleProviderType":"Unknown"},{"Property":"FocusedBorderThickness","Category":"Design","InvariantScript":"4","RuleProviderType":"Unknown"},{"Property":"Size","Category":"Design","InvariantScript":"21","RuleProviderType":"Unknown"},{"Property":"Italic","Category":"Design","InvariantScript":"false","RuleProviderType":"Unknown"},{"Property":"Underline","Category":"Design","InvariantScript":"false","RuleProviderType":"Unknown"},{"Property":"Strikethrough","Category":"Design","InvariantScript":"false","RuleProviderType":"Unknown"}],"ControlPropertyState":[{"InvariantPropertyName":"Text","AutoRuleBindingEnabled":true,"AutoRuleBindingString":"","NameMapSourceSchema":"?","IsLockable":true,"AFDDataSourceName":""},"Live","Overflow","Role",{"InvariantPropertyName":"Color","AutoRuleBindingEnabled":false,"AutoRuleBindingString":"","NameMapSourceSchema":"?","IsLockable":false,"AFDDataSourceName":""},"DisabledColor","PressedColor","HoverColor","BorderColor","DisabledBorderColor","PressedBorderColor","HoverBorderColor","BorderStyle","FocusedBorderColor","Fill","DisabledFill","PressedFill","HoverFill","Font",{"InvariantPropertyName":"FontWeight","AutoRuleBindingEnabled":false,"AutoRuleBindingString":"","NameMapSourceSchema":"?","IsLockable":false,"AFDDataSourceName":""},"Align","VerticalAlign","X","Y","Width","Height","DisplayMode","ZIndex","AutoHeight","Wrap","PaddingTop","PaddingRight","PaddingBottom","PaddingLeft","LineHeight","BorderThickness","FocusedBorderThickness","Size","Italic","Underline","Strikethrough"],"IsLocked":true,"ControlUniqueId":"27","Children":[]},{"Type":"ControlInfo","Name":"DataCardValue1","HasDynamicProperties":false,"Template":{"Id":"http://microsoft.com/appmagic/label","Version":"2.3.0","LastModifiedTimestamp":"0","Name":"label","FirstParty":true,"IsCustomGroupControlTemplate":false,"CustomGroupControlTemplateName":"","IsComponentDefinition":false,"OverridableProperties":{}},"Index":0.0,"PublishOrderIndex":24,"VariantName":"","LayoutName":"","MetaDataIDKey":"%FieldValue.ID%","PersistMetaDataIDKey":false,"IsFromScreenLayout":true,"StyleName":"defaultLabelStyle","Parent":"Category_ID_DataCard1","IsDataControl":false,"IsGroupControl":false,"IsAutoGenerated":true,"Rules":[{"Property":"Live","Category":"Data","InvariantScript":"Live.Off","RuleProviderType":"Unknown"},{"Property":"Text","Category":"Data","InvariantScript":"Parent.Default","RuleProviderType":"Unknown"},{"Property":"Role","Category":"Data","InvariantScript":"TextRole.Default","RuleProviderType":"Unknown"},{"Property":"Overflow","Category":"Design","InvariantScript":"Overflow.Hidden","RuleProviderType":"Unknown"},{"Property":"Color","Category":"Design","InvariantScript":"RGBA(0, 0, 0, 1)","RuleProviderType":"Unknown"},{"Property":"DisabledColor","Category":"Design","InvariantScript":"RGBA(166, 166, 166, 1)","RuleProviderType":"Unknown"},{"Property":"PressedColor","Category":"Design","InvariantScript":"Self.Color","RuleProviderType":"Unknown"},{"Property":"HoverColor","Category":"Design","InvariantScript":"Self.Color","RuleProviderType":"Unknown"},{"Property":"BorderColor","Category":"Design","InvariantScript":"RGBA(0, 0, 0, 0)","RuleProviderType":"Unknown"},{"Property":"DisabledBorderColor","Category":"Design","InvariantScript":"RGBA(0, 0, 0, 0)","RuleProviderType":"Unknown"},{"Property":"PressedBorderColor","Category":"Design","InvariantScript":"Self.BorderColor","RuleProviderType":"Unknown"},{"Property":"HoverBorderColor","Category":"Design","InvariantScript":"Self.BorderColor","RuleProviderType":"Unknown"},{"Property":"BorderStyle","Category":"Design","InvariantScript":"BorderStyle.None","RuleProviderType":"Unknown"},{"Property":"FocusedBorderColor","Category":"Design","InvariantScript":"Self.BorderColor","RuleProviderType":"Unknown"},{"Property":"Fill","Category":"Design","InvariantScript":"RGBA(0, 0, 0, 0)","RuleProviderType":"Unknown"},{"Property":"DisabledFill","Category":"Design","InvariantScript":"RGBA(0, 0, 0, 0)","RuleProviderType":"Unknown"},{"Property":"PressedFill","Category":"Design","InvariantScript":"Self.Fill","RuleProviderType":"Unknown"},{"Property":"HoverFill","Category":"Design","InvariantScript":"Self.Fill","RuleProviderType":"Unknown"},{"Property":"Font","Category":"Design","InvariantScript":"Font.'Segoe UI'","RuleProviderType":"Unknown"},{"Property":"FontWeight","Category":"Design","InvariantScript":"FontWeight.Bold","RuleProviderType":"Unknown"},{"Property":"Align","Category":"Design","InvariantScript":"Align.Left","RuleProviderType":"Unknown"},{"Property":"VerticalAlign","Category":"Design","InvariantScript":"VerticalAlign.Middle","RuleProviderType":"Unknown"},{"Property":"X","Category":"Design","InvariantScript":"30","RuleProviderType":"Unknown"},{"Property":"Y","Category":"Design","InvariantScript":"DataCardKey1.Y + DataCardKey1.Height + 5","RuleProviderType":"Unknown"},{"Property":"Width","Category":"Design","InvariantScript":"Parent.Width - 60","RuleProviderType":"Unknown"},{"Property":"Height","Category":"Design","InvariantScript":"40","RuleProviderType":"Unknown"},{"Property":"DisplayMode","Category":"Design","InvariantScript":"Parent.DisplayMode","RuleProviderType":"Unknown"},{"Property":"ZIndex","Category":"Design","InvariantScript":"2","RuleProviderType":"Unknown"},{"Property":"LineHeight","Category":"Design","InvariantScript":"1.2","RuleProviderType":"Unknown"},{"Property":"BorderThickness","Category":"Design","InvariantScript":"2","RuleProviderType":"Unknown"},{"Property":"FocusedBorderThickness","Category":"Design","InvariantScript":"4","RuleProviderType":"Unknown"},{"Property":"Size","Category":"Design","InvariantScript":"21","RuleProviderType":"Unknown"},{"Property":"Italic","Category":"Design","InvariantScript":"false","RuleProviderType":"Unknown"},{"Property":"Underline","Category":"Design","InvariantScript":"false","RuleProviderType":"Unknown"},{"Property":"Strikethrough","Category":"Design","InvariantScript":"false","RuleProviderType":"Unknown"},{"Property":"AutoHeight","Category":"Design","InvariantScript":"true","RuleProviderType":"Unknown"},{"Property":"PaddingTop","Category":"Design","InvariantScript":"0","RuleProviderType":"Unknown"},{"Property":"PaddingRight","Category":"Design","InvariantScript":"0","RuleProviderType":"Unknown"},{"Property":"PaddingBottom","Category":"Design","InvariantScript":"5","RuleProviderType":"Unknown"},{"Property":"PaddingLeft","Category":"Design","InvariantScript":"0","RuleProviderType":"Unknown"}],"ControlPropertyState":[{"InvariantPropertyName":"Text","AutoRuleBindingEnabled":true,"AutoRuleBindingString":"","NameMapSourceSchema":"?","IsLockable":true,"AFDDataSourceName":""},{"InvariantPropertyName":"DisplayMode","AutoRuleBindingEnabled":true,"AutoRuleBindingString":"","NameMapSourceSchema":"?","IsLockable":true,"AFDDataSourceName":""},"Live","Overflow","Role",{"InvariantPropertyName":"Color","AutoRuleBindingEnabled":false,"AutoRuleBindingString":"","NameMapSourceSchema":"?","IsLockable":false,"AFDDataSourceName":""},"DisabledColor","PressedColor","HoverColor","BorderColor","DisabledBorderColor","PressedBorderColor","HoverBorderColor","BorderStyle","FocusedBorderColor","Fill","DisabledFill","PressedFill","HoverFill","Font",{"InvariantPropertyName":"FontWeight","AutoRuleBindingEnabled":false,"AutoRuleBindingString":"","NameMapSourceSchema":"?","IsLockable":false,"AFDDataSourceName":""},"Align","VerticalAlign","X","Y","Width","Height","ZIndex","LineHeight","BorderThickness","FocusedBorderThickness","Size","Italic","Underline","Strikethrough","AutoHeight","PaddingTop","PaddingRight","PaddingBottom","PaddingLeft"],"IsLocked":true,"ControlUniqueId":"28","Children":[]}]},{"Type":"ControlInfo","Name":"Description_DataCard1","HasDynamicProperties":false,"Template":{"Id":"http://microsoft.com/appmagic/card","Version":"1.0","LastModifiedTimestamp":"0","Name":"typedDataCard","FirstParty":true,"IsCustomGroupControlTemplate":false,"CustomGroupControlTemplateName":"","IsComponentDefinition":false,"OverridableProperties":{}},"Index":0.0,"PublishOrderIndex":25,"VariantName":"textualViewCard","LayoutName":"","MetaDataIDKey":"%Description.ID%","PersistMetaDataIDKey":false,"IsFromScreenLayout":true,"StyleName":"defaultTypedDataCardStyle","Parent":"DetailForm1","IsDataControl":false,"IsGroupControl":false,"IsAutoGenerated":true,"Rules":[{"Property":"DataField","Category":"Data","InvariantScript":"\"Description\"","RuleProviderType":"Unknown"},{"Property":"DisplayName","Category":"Data","InvariantScript":"\"Description\"","RuleProviderType":"Unknown"},{"Property":"Required","Category":"Data","InvariantScript":"false","RuleProviderType":"Unknown"},{"Property":"Default","Category":"Data","InvariantScript":"ThisItem.Description","RuleProviderType":"Unknown"},{"Property":"BorderColor","Category":"Design","InvariantScript":"RGBA(85, 106, 129, 1)","RuleProviderType":"Unknown"},{"Property":"BorderStyle","Category":"Design","InvariantScript":"BorderStyle.Solid","RuleProviderType":"Unknown"},{"Property":"Fill","Category":"Design","InvariantScript":"RGBA(0, 0, 0, 0)","RuleProviderType":"Unknown"},{"Property":"X","Category":"Design","InvariantScript":"0","RuleProviderType":"Unknown"},{"Property":"Y","Category":"Design","InvariantScript":"1","RuleProviderType":"Unknown"},{"Property":"Width","Category":"Design","InvariantScript":"640","RuleProviderType":"Unknown"},{"Property":"Height","Category":"Design","InvariantScript":"40","RuleProviderType":"Unknown"},{"Property":"DisplayMode","Category":"Design","InvariantScript":"DisplayMode.View","RuleProviderType":"Unknown"},{"Property":"ZIndex","Category":"Design","InvariantScript":"1","RuleProviderType":"Unknown"}],"ControlPropertyState":[{"InvariantPropertyName":"DataField","AutoRuleBindingEnabled":true,"AutoRuleBindingString":"","NameMapSourceSchema":"?","IsLockable":true,"AFDDataSourceName":""},{"InvariantPropertyName":"DisplayName","AutoRuleBindingEnabled":true,"AutoRuleBindingString":"","NameMapSourceSchema":"?","IsLockable":true,"AFDDataSourceName":""},{"InvariantPropertyName":"Required","AutoRuleBindingEnabled":true,"AutoRuleBindingString":"","NameMapSourceSchema":"?","IsLockable":true,"AFDDataSourceName":""},{"InvariantPropertyName":"DisplayMode","AutoRuleBindingEnabled":true,"AutoRuleBindingString":"","NameMapSourceSchema":"?","IsLockable":true,"AFDDataSourceName":""},{"InvariantPropertyName":"Default","AutoRuleBindingEnabled":true,"AutoRuleBindingString":"","NameMapSourceSchema":"?","IsLockable":true,"AFDDataSourceName":""},"BorderColor","BorderStyle","Fill","X","Y","Width","Height","ZIndex"],"IsLocked":true,"ControlUniqueId":"29","Children":[{"Type":"ControlInfo","Name":"DataCardKey2","HasDynamicProperties":false,"Template":{"Id":"http://microsoft.com/appmagic/label","Version":"2.3.0","LastModifiedTimestamp":"0","Name":"label","FirstParty":true,"IsCustomGroupControlTemplate":false,"CustomGroupControlTemplateName":"","IsComponentDefinition":false,"OverridableProperties":{}},"Index":0.0,"PublishOrderIndex":26,"VariantName":"","LayoutName":"","MetaDataIDKey":"%FieldName.ID%","PersistMetaDataIDKey":false,"IsFromScreenLayout":true,"StyleName":"accentLabelStyle","Parent":"Description_DataCard1","IsDataControl":false,"IsGroupControl":false,"IsAutoGenerated":true,"Rules":[{"Property":"Live","Category":"Data","InvariantScript":"Live.Off","RuleProviderType":"Unknown"},{"Property":"Text","Category":"Data","InvariantScript":"Parent.DisplayName","RuleProviderType":"Unknown"},{"Property":"Role","Category":"Data","InvariantScript":"TextRole.Default","RuleProviderType":"Unknown"},{"Property":"Overflow","Category":"Design","InvariantScript":"Overflow.Hidden","RuleProviderType":"Unknown"},{"Property":"Color","Category":"Design","InvariantScript":"RGBA(0, 0, 0, 1)","RuleProviderType":"Unknown"},{"Property":"DisabledColor","Category":"Design","InvariantScript":"RGBA(166, 166, 166, 1)","RuleProviderType":"Unknown"},{"Property":"PressedColor","Category":"Design","InvariantScript":"Self.Color","RuleProviderType":"Unknown"},{"Property":"HoverColor","Category":"Design","InvariantScript":"Self.Color","RuleProviderType":"Unknown"},{"Property":"BorderColor","Category":"Design","InvariantScript":"RGBA(0, 0, 0, 0)","RuleProviderType":"Unknown"},{"Property":"DisabledBorderColor","Category":"Design","InvariantScript":"RGBA(0, 0, 0, 0)","RuleProviderType":"Unknown"},{"Property":"PressedBorderColor","Category":"Design","InvariantScript":"Self.BorderColor","RuleProviderType":"Unknown"},{"Property":"HoverBorderColor","Category":"Design","InvariantScript":"Self.BorderColor","RuleProviderType":"Unknown"},{"Property":"BorderStyle","Category":"Design","InvariantScript":"BorderStyle.None","RuleProviderType":"Unknown"},{"Property":"FocusedBorderColor","Category":"Design","InvariantScript":"Self.BorderColor","RuleProviderType":"Unknown"},{"Property":"Fill","Category":"Design","InvariantScript":"RGBA(0, 0, 0, 0)","RuleProviderType":"Unknown"},{"Property":"DisabledFill","Category":"Design","InvariantScript":"RGBA(0, 0, 0, 0)","RuleProviderType":"Unknown"},{"Property":"PressedFill","Category":"Design","InvariantScript":"Self.Fill","RuleProviderType":"Unknown"},{"Property":"HoverFill","Category":"Design","InvariantScript":"Self.Fill","RuleProviderType":"Unknown"},{"Property":"Font","Category":"Design","InvariantScript":"Font.'Segoe UI'","RuleProviderType":"Unknown"},{"Property":"FontWeight","Category":"Design","InvariantScript":"FontWeight.Bold","RuleProviderType":"Unknown"},{"Property":"Align","Category":"Design","InvariantScript":"Align.Left","RuleProviderType":"Unknown"},{"Property":"VerticalAlign","Category":"Design","InvariantScript":"VerticalAlign.Middle","RuleProviderType":"Unknown"},{"Property":"X","Category":"Design","InvariantScript":"30","RuleProviderType":"Unknown"},{"Property":"Y","Category":"Design","InvariantScript":"10","RuleProviderType":"Unknown"},{"Property":"Width","Category":"Design","InvariantScript":"Parent.Width - 60","RuleProviderType":"Unknown"},{"Property":"Height","Category":"Design","InvariantScript":"48","RuleProviderType":"Unknown"},{"Property":"DisplayMode","Category":"Design","InvariantScript":"DisplayMode.Edit","RuleProviderType":"Unknown"},{"Property":"ZIndex","Category":"Design","InvariantScript":"1","RuleProviderType":"Unknown"},{"Property":"AutoHeight","Category":"Design","InvariantScript":"true","RuleProviderType":"Unknown"},{"Property":"Wrap","Category":"Design","InvariantScript":"false","RuleProviderType":"Unknown"},{"Property":"PaddingTop","Category":"Design","InvariantScript":"5","RuleProviderType":"Unknown"},{"Property":"PaddingRight","Category":"Design","InvariantScript":"5","RuleProviderType":"Unknown"},{"Property":"PaddingBottom","Category":"Design","InvariantScript":"5","RuleProviderType":"Unknown"},{"Property":"PaddingLeft","Category":"Design","InvariantScript":"0","RuleProviderType":"Unknown"},{"Property":"LineHeight","Category":"Design","InvariantScript":"1.2","RuleProviderType":"Unknown"},{"Property":"BorderThickness","Category":"Design","InvariantScript":"2","RuleProviderType":"Unknown"},{"Property":"FocusedBorderThickness","Category":"Design","InvariantScript":"4","RuleProviderType":"Unknown"},{"Property":"Size","Category":"Design","InvariantScript":"21","RuleProviderType":"Unknown"},{"Property":"Italic","Category":"Design","InvariantScript":"false","RuleProviderType":"Unknown"},{"Property":"Underline","Category":"Design","InvariantScript":"false","RuleProviderType":"Unknown"},{"Property":"Strikethrough","Category":"Design","InvariantScript":"false","RuleProviderType":"Unknown"}],"ControlPropertyState":[{"InvariantPropertyName":"Text","AutoRuleBindingEnabled":true,"AutoRuleBindingString":"","NameMapSourceSchema":"?","IsLockable":true,"AFDDataSourceName":""},"Live","Overflow","Role",{"InvariantPropertyName":"Color","AutoRuleBindingEnabled":false,"AutoRuleBindingString":"","NameMapSourceSchema":"?","IsLockable":false,"AFDDataSourceName":""},"DisabledColor","PressedColor","HoverColor","BorderColor","DisabledBorderColor","PressedBorderColor","HoverBorderColor","BorderStyle","FocusedBorderColor","Fill","DisabledFill","PressedFill","HoverFill","Font",{"InvariantPropertyName":"FontWeight","AutoRuleBindingEnabled":false,"AutoRuleBindingString":"","NameMapSourceSchema":"?","IsLockable":false,"AFDDataSourceName":""},"Align","VerticalAlign","X","Y","Width","Height","DisplayMode","ZIndex","AutoHeight","Wrap","PaddingTop","PaddingRight","PaddingBottom","PaddingLeft","LineHeight","BorderThickness","FocusedBorderThickness","Size","Italic","Underline","Strikethrough"],"IsLocked":true,"ControlUniqueId":"30","Children":[]},{"Type":"ControlInfo","Name":"DataCardValue2","HasDynamicProperties":false,"Template":{"Id":"http://microsoft.com/appmagic/label","Version":"2.3.0","LastModifiedTimestamp":"0","Name":"label","FirstParty":true,"IsCustomGroupControlTemplate":false,"CustomGroupControlTemplateName":"","IsComponentDefinition":false,"OverridableProperties":{}},"Index":0.0,"PublishOrderIndex":27,"VariantName":"","LayoutName":"","MetaDataIDKey":"%FieldValue.ID%","PersistMetaDataIDKey":false,"IsFromScreenLayout":true,"StyleName":"defaultLabelStyle","Parent":"Description_DataCard1","IsDataControl":false,"IsGroupControl":false,"IsAutoGenerated":true,"Rules":[{"Property":"Live","Category":"Data","InvariantScript":"Live.Off","RuleProviderType":"Unknown"},{"Property":"Text","Category":"Data","InvariantScript":"Parent.Default","RuleProviderType":"Unknown"},{"Property":"Role","Category":"Data","InvariantScript":"TextRole.Default","RuleProviderType":"Unknown"},{"Property":"Overflow","Category":"Design","InvariantScript":"Overflow.Hidden","RuleProviderType":"Unknown"},{"Property":"Color","Category":"Design","InvariantScript":"RGBA(255, 255, 0, 1)","RuleProviderType":"Unknown"},{"Property":"DisabledColor","Category":"Design","InvariantScript":"RGBA(0, 0, 0, 1)","RuleProviderType":"Unknown"},{"Property":"PressedColor","Category":"Design","InvariantScript":"Self.Color","RuleProviderType":"Unknown"},{"Property":"HoverColor","Category":"Design","InvariantScript":"Self.Color","RuleProviderType":"Unknown"},{"Property":"BorderColor","Category":"Design","InvariantScript":"RGBA(0, 0, 0, 0)","RuleProviderType":"Unknown"},{"Property":"DisabledBorderColor","Category":"Design","InvariantScript":"RGBA(0, 0, 0, 1)","RuleProviderType":"Unknown"},{"Property":"PressedBorderColor","Category":"Design","InvariantScript":"Self.BorderColor","RuleProviderType":"Unknown"},{"Property":"HoverBorderColor","Category":"Design","InvariantScript":"Self.BorderColor","RuleProviderType":"Unknown"},{"Property":"BorderStyle","Category":"Design","InvariantScript":"BorderStyle.None","RuleProviderType":"Unknown"},{"Property":"FocusedBorderColor","Category":"Design","InvariantScript":"Self.BorderColor","RuleProviderType":"Unknown"},{"Property":"Fill","Category":"Design","InvariantScript":"RGBA(0, 0, 0, 0)","RuleProviderType":"Unknown"},{"Property":"DisabledFill","Category":"Design","InvariantScript":"RGBA(0, 0, 0, 0)","RuleProviderType":"Unknown"},{"Property":"PressedFill","Category":"Design","InvariantScript":"Self.Fill","RuleProviderType":"Unknown"},{"Property":"HoverFill","Category":"Design","InvariantScript":"Self.Fill","RuleProviderType":"Unknown"},{"Property":"Font","Category":"Design","InvariantScript":"Font.'Segoe UI'","RuleProviderType":"Unknown"},{"Property":"FontWeight","Category":"Design","InvariantScript":"FontWeight.Bold","RuleProviderType":"Unknown"},{"Property":"Align","Category":"Design","InvariantScript":"Align.Left","RuleProviderType":"Unknown"},{"Property":"VerticalAlign","Category":"Design","InvariantScript":"VerticalAlign.Middle","RuleProviderType":"Unknown"},{"Property":"X","Category":"Design","InvariantScript":"30","RuleProviderType":"Unknown"},{"Property":"Y","Category":"Design","InvariantScript":"DataCardKey2.Y + DataCardKey2.Height + 5","RuleProviderType":"Unknown"},{"Property":"Width","Category":"Design","InvariantScript":"Parent.Width - 60","RuleProviderType":"Unknown"},{"Property":"Height","Category":"Design","InvariantScript":"40","RuleProviderType":"Unknown"},{"Property":"DisplayMode","Category":"Design","InvariantScript":"Parent.DisplayMode","RuleProviderType":"Unknown"},{"Property":"ZIndex","Category":"Design","InvariantScript":"2","RuleProviderType":"Unknown"},{"Property":"LineHeight","Category":"Design","InvariantScript":"1.2","RuleProviderType":"Unknown"},{"Property":"BorderThickness","Category":"Design","InvariantScript":"2","RuleProviderType":"Unknown"},{"Property":"FocusedBorderThickness","Category":"Design","InvariantScript":"4","RuleProviderType":"Unknown"},{"Property":"Size","Category":"Design","InvariantScript":"30","RuleProviderType":"Unknown"},{"Property":"Italic","Category":"Design","InvariantScript":"false","RuleProviderType":"Unknown"},{"Property":"Underline","Category":"Design","InvariantScript":"false","RuleProviderType":"Unknown"},{"Property":"Strikethrough","Category":"Design","InvariantScript":"false","RuleProviderType":"Unknown"},{"Property":"AutoHeight","Category":"Design","InvariantScript":"true","RuleProviderType":"Unknown"},{"Property":"PaddingTop","Category":"Design","InvariantScript":"0","RuleProviderType":"Unknown"},{"Property":"PaddingRight","Category":"Design","InvariantScript":"0","RuleProviderType":"Unknown"},{"Property":"PaddingBottom","Category":"Design","InvariantScript":"5","RuleProviderType":"Unknown"},{"Property":"PaddingLeft","Category":"Design","InvariantScript":"0","RuleProviderType":"Unknown"}],"ControlPropertyState":[{"InvariantPropertyName":"Text","AutoRuleBindingEnabled":true,"AutoRuleBindingString":"","NameMapSourceSchema":"?","IsLockable":true,"AFDDataSourceName":""},{"InvariantPropertyName":"DisplayMode","AutoRuleBindingEnabled":true,"AutoRuleBindingString":"","NameMapSourceSchema":"?","IsLockable":true,"AFDDataSourceName":""},"Live","Overflow","Role",{"InvariantPropertyName":"Color","AutoRuleBindingEnabled":false,"AutoRuleBindingString":"","NameMapSourceSchema":"?","IsLockable":false,"AFDDataSourceName":""},{"InvariantPropertyName":"DisabledColor","AutoRuleBindingEnabled":false,"AutoRuleBindingString":"","NameMapSourceSchema":"?","IsLockable":false,"AFDDataSourceName":""},"PressedColor","HoverColor","BorderColor",{"InvariantPropertyName":"DisabledBorderColor","AutoRuleBindingEnabled":false,"AutoRuleBindingString":"","NameMapSourceSchema":"?","IsLockable":false,"AFDDataSourceName":""},"PressedBorderColor","HoverBorderColor","BorderStyle","FocusedBorderColor","Fill","DisabledFill","PressedFill","HoverFill","Font",{"InvariantPropertyName":"FontWeight","AutoRuleBindingEnabled":false,"AutoRuleBindingString":"","NameMapSourceSchema":"?","IsLockable":false,"AFDDataSourceName":""},"Align","VerticalAlign","X","Y","Width","Height","ZIndex","LineHeight","BorderThickness","FocusedBorderThickness",{"InvariantPropertyName":"Size","AutoRuleBindingEnabled":false,"AutoRuleBindingString":"","NameMapSourceSchema":"?","IsLockable":false,"AFDDataSourceName":""},"Italic","Underline","Strikethrough","AutoHeight","PaddingTop","PaddingRight","PaddingBottom","PaddingLeft"],"IsLocked":true,"ControlUniqueId":"31","Children":[]}]},{"Type":"ControlInfo","Name":"Featured_Image_DataCard1","HasDynamicProperties":false,"Template":{"Id":"http://microsoft.com/appmagic/card","Version":"1.0","LastModifiedTimestamp":"0","Name":"typedDataCard","FirstParty":true,"IsCustomGroupControlTemplate":false,"CustomGroupControlTemplateName":"","IsComponentDefinition":false,"OverridableProperties":{}},"Index":0.0,"PublishOrderIndex":28,"VariantName":"textualViewCard","LayoutName":"","MetaDataIDKey":"%Featured_Image.ID%","PersistMetaDataIDKey":false,"IsFromScreenLayout":true,"StyleName":"defaultTypedDataCardStyle","Parent":"DetailForm1","IsDataControl":false,"IsGroupControl":false,"IsAutoGenerated":true,"Rules":[{"Property":"DataField","Category":"Data","InvariantScript":"\"Featured_Image\"","RuleProviderType":"Unknown"},{"Property":"DisplayName","Category":"Data","InvariantScript":"\"Featured_Image\"","RuleProviderType":"Unknown"},{"Property":"Required","Category":"Data","InvariantScript":"false","RuleProviderType":"Unknown"},{"Property":"Default","Category":"Data","InvariantScript":"ThisItem.Featured_Image","RuleProviderType":"Unknown"},{"Property":"BorderColor","Category":"Design","InvariantScript":"RGBA(85, 106, 129, 1)","RuleProviderType":"Unknown"},{"Property":"BorderStyle","Category":"Design","InvariantScript":"BorderStyle.Solid","RuleProviderType":"Unknown"},{"Property":"Fill","Category":"Design","InvariantScript":"RGBA(0, 0, 0, 0)","RuleProviderType":"Unknown"},{"Property":"X","Category":"Design","InvariantScript":"0","RuleProviderType":"Unknown"},{"Property":"Y","Category":"Design","InvariantScript":"2","RuleProviderType":"Unknown"},{"Property":"Width","Category":"Design","InvariantScript":"640","RuleProviderType":"Unknown"},{"Property":"Height","Category":"Design","InvariantScript":"40","RuleProviderType":"Unknown"},{"Property":"DisplayMode","Category":"Design","InvariantScript":"DisplayMode.View","RuleProviderType":"Unknown"},{"Property":"ZIndex","Category":"Design","InvariantScript":"1","RuleProviderType":"Unknown"}],"ControlPropertyState":[{"InvariantPropertyName":"DataField","AutoRuleBindingEnabled":true,"AutoRuleBindingString":"","NameMapSourceSchema":"?","IsLockable":true,"AFDDataSourceName":""},{"InvariantPropertyName":"DisplayName","AutoRuleBindingEnabled":true,"AutoRuleBindingString":"","NameMapSourceSchema":"?","IsLockable":true,"AFDDataSourceName":""},{"InvariantPropertyName":"Required","AutoRuleBindingEnabled":true,"AutoRuleBindingString":"","NameMapSourceSchema":"?","IsLockable":true,"AFDDataSourceName":""},{"InvariantPropertyName":"DisplayMode","AutoRuleBindingEnabled":true,"AutoRuleBindingString":"","NameMapSourceSchema":"?","IsLockable":true,"AFDDataSourceName":""},{"InvariantPropertyName":"Default","AutoRuleBindingEnabled":true,"AutoRuleBindingString":"","NameMapSourceSchema":"?","IsLockable":true,"AFDDataSourceName":""},"BorderColor","BorderStyle","Fill","X","Y","Width","Height","ZIndex"],"IsLocked":true,"ControlUniqueId":"32","Children":[{"Type":"ControlInfo","Name":"DataCardKey3","HasDynamicProperties":false,"Template":{"Id":"http://microsoft.com/appmagic/label","Version":"2.3.0","LastModifiedTimestamp":"0","Name":"label","FirstParty":true,"IsCustomGroupControlTemplate":false,"CustomGroupControlTemplateName":"","IsComponentDefinition":false,"OverridableProperties":{}},"Index":0.0,"PublishOrderIndex":29,"VariantName":"","LayoutName":"","MetaDataIDKey":"%FieldName.ID%","PersistMetaDataIDKey":false,"IsFromScreenLayout":true,"StyleName":"accentLabelStyle","Parent":"Featured_Image_DataCard1","IsDataControl":false,"IsGroupControl":false,"IsAutoGenerated":true,"Rules":[{"Property":"Live","Category":"Data","InvariantScript":"Live.Off","RuleProviderType":"Unknown"},{"Property":"Text","Category":"Data","InvariantScript":"Parent.DisplayName","RuleProviderType":"Unknown"},{"Property":"Role","Category":"Data","InvariantScript":"TextRole.Default","RuleProviderType":"Unknown"},{"Property":"Overflow","Category":"Design","InvariantScript":"Overflow.Hidden","RuleProviderType":"Unknown"},{"Property":"Color","Category":"Design","InvariantScript":"RGBA(0, 0, 0, 1)","RuleProviderType":"Unknown"},{"Property":"DisabledColor","Category":"Design","InvariantScript":"RGBA(166, 166, 166, 1)","RuleProviderType":"Unknown"},{"Property":"PressedColor","Category":"Design","InvariantScript":"Self.Color","RuleProviderType":"Unknown"},{"Property":"HoverColor","Category":"Design","InvariantScript":"Self.Color","RuleProviderType":"Unknown"},{"Property":"BorderColor","Category":"Design","InvariantScript":"RGBA(0, 0, 0, 0)","RuleProviderType":"Unknown"},{"Property":"DisabledBorderColor","Category":"Design","InvariantScript":"RGBA(0, 0, 0, 0)","RuleProviderType":"Unknown"},{"Property":"PressedBorderColor","Category":"Design","InvariantScript":"Self.BorderColor","RuleProviderType":"Unknown"},{"Property":"HoverBorderColor","Category":"Design","InvariantScript":"Self.BorderColor","RuleProviderType":"Unknown"},{"Property":"BorderStyle","Category":"Design","InvariantScript":"BorderStyle.None","RuleProviderType":"Unknown"},{"Property":"FocusedBorderColor","Category":"Design","InvariantScript":"Self.BorderColor","RuleProviderType":"Unknown"},{"Property":"Fill","Category":"Design","InvariantScript":"RGBA(0, 0, 0, 0)","RuleProviderType":"Unknown"},{"Property":"DisabledFill","Category":"Design","InvariantScript":"RGBA(0, 0, 0, 0)","RuleProviderType":"Unknown"},{"Property":"PressedFill","Category":"Design","InvariantScript":"Self.Fill","RuleProviderType":"Unknown"},{"Property":"HoverFill","Category":"Design","InvariantScript":"Self.Fill","RuleProviderType":"Unknown"},{"Property":"Font","Category":"Design","InvariantScript":"Font.'Segoe UI'","RuleProviderType":"Unknown"},{"Property":"FontWeight","Category":"Design","InvariantScript":"FontWeight.Bold","RuleProviderType":"Unknown"},{"Property":"Align","Category":"Design","InvariantScript":"Align.Left","RuleProviderType":"Unknown"},{"Property":"VerticalAlign","Category":"Design","InvariantScript":"VerticalAlign.Middle","RuleProviderType":"Unknown"},{"Property":"X","Category":"Design","InvariantScript":"30","RuleProviderType":"Unknown"},{"Property":"Y","Category":"Design","InvariantScript":"10","RuleProviderType":"Unknown"},{"Property":"Width","Category":"Design","InvariantScript":"Parent.Width - 60","RuleProviderType":"Unknown"},{"Property":"Height","Category":"Design","InvariantScript":"48","RuleProviderType":"Unknown"},{"Property":"DisplayMode","Category":"Design","InvariantScript":"DisplayMode.Edit","RuleProviderType":"Unknown"},{"Property":"ZIndex","Category":"Design","InvariantScript":"1","RuleProviderType":"Unknown"},{"Property":"AutoHeight","Category":"Design","InvariantScript":"true","RuleProviderType":"Unknown"},{"Property":"Wrap","Category":"Design","InvariantScript":"false","RuleProviderType":"Unknown"},{"Property":"PaddingTop","Category":"Design","InvariantScript":"5","RuleProviderType":"Unknown"},{"Property":"PaddingRight","Category":"Design","InvariantScript":"5","RuleProviderType":"Unknown"},{"Property":"PaddingBottom","Category":"Design","InvariantScript":"5","RuleProviderType":"Unknown"},{"Property":"PaddingLeft","Category":"Design","InvariantScript":"0","RuleProviderType":"Unknown"},{"Property":"LineHeight","Category":"Design","InvariantScript":"1.2","RuleProviderType":"Unknown"},{"Property":"BorderThickness","Category":"Design","InvariantScript":"2","RuleProviderType":"Unknown"},{"Property":"FocusedBorderThickness","Category":"Design","InvariantScript":"4","RuleProviderType":"Unknown"},{"Property":"Size","Category":"Design","InvariantScript":"21","RuleProviderType":"Unknown"},{"Property":"Italic","Category":"Design","InvariantScript":"false","RuleProviderType":"Unknown"},{"Property":"Underline","Category":"Design","InvariantScript":"false","RuleProviderType":"Unknown"},{"Property":"Strikethrough","Category":"Design","InvariantScript":"false","RuleProviderType":"Unknown"}],"ControlPropertyState":[{"InvariantPropertyName":"Text","AutoRuleBindingEnabled":true,"AutoRuleBindingString":"","NameMapSourceSchema":"?","IsLockable":true,"AFDDataSourceName":""},"Live","Overflow","Role",{"InvariantPropertyName":"Color","AutoRuleBindingEnabled":false,"AutoRuleBindingString":"","NameMapSourceSchema":"?","IsLockable":false,"AFDDataSourceName":""},"DisabledColor","PressedColor","HoverColor","BorderColor","DisabledBorderColor","PressedBorderColor","HoverBorderColor","BorderStyle","FocusedBorderColor","Fill","DisabledFill","PressedFill","HoverFill","Font",{"InvariantPropertyName":"FontWeight","AutoRuleBindingEnabled":false,"AutoRuleBindingString":"","NameMapSourceSchema":"?","IsLockable":false,"AFDDataSourceName":""},"Align","VerticalAlign","X","Y","Width","Height","DisplayMode","ZIndex","AutoHeight","Wrap","PaddingTop","PaddingRight","PaddingBottom","PaddingLeft","LineHeight","BorderThickness","FocusedBorderThickness","Size","Italic","Underline","Strikethrough"],"IsLocked":true,"ControlUniqueId":"33","Children":[]},{"Type":"ControlInfo","Name":"DataCardValue3","HasDynamicProperties":false,"Template":{"Id":"http://microsoft.com/appmagic/label","Version":"2.3.0","LastModifiedTimestamp":"0","Name":"label","FirstParty":true,"IsCustomGroupControlTemplate":false,"CustomGroupControlTemplateName":"","IsComponentDefinition":false,"OverridableProperties":{}},"Index":0.0,"PublishOrderIndex":30,"VariantName":"","LayoutName":"","MetaDataIDKey":"%FieldValue.ID%","PersistMetaDataIDKey":false,"IsFromScreenLayout":true,"StyleName":"defaultLabelStyle","Parent":"Featured_Image_DataCard1","IsDataControl":false,"IsGroupControl":false,"IsAutoGenerated":true,"Rules":[{"Property":"Live","Category":"Data","InvariantScript":"Live.Off","RuleProviderType":"Unknown"},{"Property":"Text","Category":"Data","InvariantScript":"Parent.Default","RuleProviderType":"Unknown"},{"Property":"Role","Category":"Data","InvariantScript":"TextRole.Default","RuleProviderType":"Unknown"},{"Property":"Overflow","Category":"Design","InvariantScript":"Overflow.Hidden","RuleProviderType":"Unknown"},{"Property":"Color","Category":"Design","InvariantScript":"RGBA(255, 255, 0, 1)","RuleProviderType":"Unknown"},{"Property":"DisabledColor","Category":"Design","InvariantScript":"RGBA(166, 166, 166, 1)","RuleProviderType":"Unknown"},{"Property":"PressedColor","Category":"Design","InvariantScript":"Self.Color","RuleProviderType":"Unknown"},{"Property":"HoverColor","Category":"Design","InvariantScript":"Self.Color","RuleProviderType":"Unknown"},{"Property":"BorderColor","Category":"Design","InvariantScript":"RGBA(0, 0, 0, 0)","RuleProviderType":"Unknown"},{"Property":"DisabledBorderColor","Category":"Design","InvariantScript":"RGBA(0, 0, 0, 0)","RuleProviderType":"Unknown"},{"Property":"PressedBorderColor","Category":"Design","InvariantScript":"Self.BorderColor","RuleProviderType":"Unknown"},{"Property":"HoverBorderColor","Category":"Design","InvariantScript":"Self.BorderColor","RuleProviderType":"Unknown"},{"Property":"BorderStyle","Category":"Design","InvariantScript":"BorderStyle.None","RuleProviderType":"Unknown"},{"Property":"FocusedBorderColor","Category":"Design","InvariantScript":"Self.BorderColor","RuleProviderType":"Unknown"},{"Property":"Fill","Category":"Design","InvariantScript":"RGBA(0, 0, 0, 0)","RuleProviderType":"Unknown"},{"Property":"DisabledFill","Category":"Design","InvariantScript":"RGBA(0, 0, 0, 0)","RuleProviderType":"Unknown"},{"Property":"PressedFill","Category":"Design","InvariantScript":"Self.Fill","RuleProviderType":"Unknown"},{"Property":"HoverFill","Category":"Design","InvariantScript":"Self.Fill","RuleProviderType":"Unknown"},{"Property":"Font","Category":"Design","InvariantScript":"Font.'Segoe UI'","RuleProviderType":"Unknown"},{"Property":"FontWeight","Category":"Design","InvariantScript":"FontWeight.Bold","RuleProviderType":"Unknown"},{"Property":"Align","Category":"Design","InvariantScript":"Align.Left","RuleProviderType":"Unknown"},{"Property":"VerticalAlign","Category":"Design","InvariantScript":"VerticalAlign.Middle","RuleProviderType":"Unknown"},{"Property":"X","Category":"Design","InvariantScript":"33","RuleProviderType":"Unknown"},{"Property":"Y","Category":"Design","InvariantScript":"DataCardKey3.Y + DataCardKey3.Height + 5","RuleProviderType":"Unknown"},{"Property":"Width","Category":"Design","InvariantScript":"Parent.Width - 60","RuleProviderType":"Unknown"},{"Property":"Height","Category":"Design","InvariantScript":"40","RuleProviderType":"Unknown"},{"Property":"DisplayMode","Category":"Design","InvariantScript":"Parent.DisplayMode","RuleProviderType":"Unknown"},{"Property":"ZIndex","Category":"Design","InvariantScript":"2","RuleProviderType":"Unknown"},{"Property":"LineHeight","Category":"Design","InvariantScript":"1.2","RuleProviderType":"Unknown"},{"Property":"BorderThickness","Category":"Design","InvariantScript":"2","RuleProviderType":"Unknown"},{"Property":"FocusedBorderThickness","Category":"Design","InvariantScript":"4","RuleProviderType":"Unknown"},{"Property":"Size","Category":"Design","InvariantScript":"21","RuleProviderType":"Unknown"},{"Property":"Italic","Category":"Design","InvariantScript":"false","RuleProviderType":"Unknown"},{"Property":"Underline","Category":"Design","InvariantScript":"false","RuleProviderType":"Unknown"},{"Property":"Strikethrough","Category":"Design","InvariantScript":"false","RuleProviderType":"Unknown"},{"Property":"AutoHeight","Category":"Design","InvariantScript":"true","RuleProviderType":"Unknown"},{"Property":"PaddingTop","Category":"Design","InvariantScript":"0","RuleProviderType":"Unknown"},{"Property":"PaddingRight","Category":"Design","InvariantScript":"0","RuleProviderType":"Unknown"},{"Property":"PaddingBottom","Category":"Design","InvariantScript":"5","RuleProviderType":"Unknown"},{"Property":"PaddingLeft","Category":"Design","InvariantScript":"0","RuleProviderType":"Unknown"}],"ControlPropertyState":[{"InvariantPropertyName":"Text","AutoRuleBindingEnabled":true,"AutoRuleBindingString":"","NameMapSourceSchema":"?","IsLockable":true,"AFDDataSourceName":""},{"InvariantPropertyName":"DisplayMode","AutoRuleBindingEnabled":true,"AutoRuleBindingString":"","NameMapSourceSchema":"?","IsLockable":true,"AFDDataSourceName":""},"Live","Overflow","Role",{"InvariantPropertyName":"Color","AutoRuleBindingEnabled":false,"AutoRuleBindingString":"","NameMapSourceSchema":"?","IsLockable":false,"AFDDataSourceName":""},"DisabledColor","PressedColor","HoverColor","BorderColor","DisabledBorderColor","PressedBorderColor","HoverBorderColor","BorderStyle","FocusedBorderColor","Fill","DisabledFill","PressedFill","HoverFill","Font",{"InvariantPropertyName":"FontWeight","AutoRuleBindingEnabled":false,"AutoRuleBindingString":"","NameMapSourceSchema":"?","IsLockable":false,"AFDDataSourceName":""},"Align","VerticalAlign","X","Y","Width","Height","ZIndex","LineHeight","BorderThickness","FocusedBorderThickness","Size","Italic","Underline","Strikethrough","AutoHeight","PaddingTop","PaddingRight","PaddingBottom","PaddingLeft"],"IsLocked":true,"ControlUniqueId":"34","Children":[]}]},{"Type":"ControlInfo","Name":"Name_DataCard1","HasDynamicProperties":false,"Template":{"Id":"http://microsoft.com/appmagic/card","Version":"1.0","LastModifiedTimestamp":"0","Name":"typedDataCard","FirstParty":true,"IsCustomGroupControlTemplate":false,"CustomGroupControlTemplateName":"","IsComponentDefinition":false,"OverridableProperties":{}},"Index":0.0,"PublishOrderIndex":31,"VariantName":"textualViewCard","LayoutName":"","MetaDataIDKey":"%Name.ID%","PersistMetaDataIDKey":false,"IsFromScreenLayout":true,"StyleName":"defaultTypedDataCardStyle","Parent":"DetailForm1","IsDataControl":false,"IsGroupControl":false,"IsAutoGenerated":true,"Rules":[{"Property":"DataField","Category":"Data","InvariantScript":"\"Name\"","RuleProviderType":"Unknown"},{"Property":"DisplayName","Category":"Data","InvariantScript":"\"Name\"","RuleProviderType":"Unknown"},{"Property":"Required","Category":"Data","InvariantScript":"false","RuleProviderType":"Unknown"},{"Property":"Default","Category":"Data","InvariantScript":"ThisItem.Name","RuleProviderType":"Unknown"},{"Property":"BorderColor","Category":"Design","InvariantScript":"RGBA(85, 106, 129, 1)","RuleProviderType":"Unknown"},{"Property":"BorderStyle","Category":"Design","InvariantScript":"BorderStyle.Solid","RuleProviderType":"Unknown"},{"Property":"Fill","Category":"Design","InvariantScript":"RGBA(0, 0, 0, 0)","RuleProviderType":"Unknown"},{"Property":"X","Category":"Design","InvariantScript":"0","RuleProviderType":"Unknown"},{"Property":"Y","Category":"Design","InvariantScript":"3","RuleProviderType":"Unknown"},{"Property":"Width","Category":"Design","InvariantScript":"640","RuleProviderType":"Unknown"},{"Property":"Height","Category":"Design","InvariantScript":"149","RuleProviderType":"Unknown"},{"Property":"DisplayMode","Category":"Design","InvariantScript":"DisplayMode.View","RuleProviderType":"Unknown"},{"Property":"ZIndex","Category":"Design","InvariantScript":"1","RuleProviderType":"Unknown"}],"ControlPropertyState":[{"InvariantPropertyName":"DataField","AutoRuleBindingEnabled":true,"AutoRuleBindingString":"","NameMapSourceSchema":"?","IsLockable":true,"AFDDataSourceName":""},{"InvariantPropertyName":"DisplayName","AutoRuleBindingEnabled":true,"AutoRuleBindingString":"","NameMapSourceSchema":"?","IsLockable":true,"AFDDataSourceName":""},{"InvariantPropertyName":"Required","AutoRuleBindingEnabled":true,"AutoRuleBindingString":"","NameMapSourceSchema":"?","IsLockable":true,"AFDDataSourceName":""},{"InvariantPropertyName":"DisplayMode","AutoRuleBindingEnabled":true,"AutoRuleBindingString":"","NameMapSourceSchema":"?","IsLockable":true,"AFDDataSourceName":""},{"InvariantPropertyName":"Default","AutoRuleBindingEnabled":true,"AutoRuleBindingString":"","NameMapSourceSchema":"?","IsLockable":true,"AFDDataSourceName":""},"BorderColor","BorderStyle","Fill","X","Y","Width","Height","ZIndex"],"IsLocked":true,"ControlUniqueId":"35","Children":[{"Type":"ControlInfo","Name":"DataCardKey4","HasDynamicProperties":false,"Template":{"Id":"http://microsoft.com/appmagic/label","Version":"2.3.0","LastModifiedTimestamp":"0","Name":"label","FirstParty":true,"IsCustomGroupControlTemplate":false,"CustomGroupControlTemplateName":"","IsComponentDefinition":false,"OverridableProperties":{}},"Index":0.0,"PublishOrderIndex":32,"VariantName":"","LayoutName":"","MetaDataIDKey":"%FieldName.ID%","PersistMetaDataIDKey":false,"IsFromScreenLayout":true,"StyleName":"accentLabelStyle","Parent":"Name_DataCard1","IsDataControl":false,"IsGroupControl":false,"IsAutoGenerated":true,"Rules":[{"Property":"Live","Category":"Data","InvariantScript":"Live.Off","RuleProviderType":"Unknown"},{"Property":"Text","Category":"Data","InvariantScript":"Parent.DisplayName","RuleProviderType":"Unknown"},{"Property":"Role","Category":"Data","InvariantScript":"TextRole.Default","RuleProviderType":"Unknown"},{"Property":"Overflow","Category":"Design","InvariantScript":"Overflow.Hidden","RuleProviderType":"Unknown"},{"Property":"Color","Category":"Design","InvariantScript":"RGBA(0, 0, 0, 1)","RuleProviderType":"Unknown"},{"Property":"DisabledColor","Category":"Design","InvariantScript":"RGBA(0, 0, 0, 1)","RuleProviderType":"Unknown"},{"Property":"PressedColor","Category":"Design","InvariantScript":"Self.Color","RuleProviderType":"Unknown"},{"Property":"HoverColor","Category":"Design","InvariantScript":"Self.Color","RuleProviderType":"Unknown"},{"Property":"BorderColor","Category":"Design","InvariantScript":"RGBA(0, 0, 0, 0)","RuleProviderType":"Unknown"},{"Property":"DisabledBorderColor","Category":"Design","InvariantScript":"RGBA(0, 0, 0, 0)","RuleProviderType":"Unknown"},{"Property":"PressedBorderColor","Category":"Design","InvariantScript":"Self.BorderColor","RuleProviderType":"Unknown"},{"Property":"HoverBorderColor","Category":"Design","InvariantScript":"Self.BorderColor","RuleProviderType":"Unknown"},{"Property":"BorderStyle","Category":"Design","InvariantScript":"BorderStyle.None","RuleProviderType":"Unknown"},{"Property":"FocusedBorderColor","Category":"Design","InvariantScript":"Self.BorderColor","RuleProviderType":"Unknown"},{"Property":"Fill","Category":"Design","InvariantScript":"RGBA(0, 0, 0, 0)","RuleProviderType":"Unknown"},{"Property":"DisabledFill","Category":"Design","InvariantScript":"RGBA(0, 0, 0, 0)","RuleProviderType":"Unknown"},{"Property":"PressedFill","Category":"Design","InvariantScript":"Self.Fill","RuleProviderType":"Unknown"},{"Property":"HoverFill","Category":"Design","InvariantScript":"Self.Fill","RuleProviderType":"Unknown"},{"Property":"Font","Category":"Design","InvariantScript":"Font.'Segoe UI'","RuleProviderType":"Unknown"},{"Property":"FontWeight","Category":"Design","InvariantScript":"FontWeight.Bold","RuleProviderType":"Unknown"},{"Property":"Align","Category":"Design","InvariantScript":"Align.Left","RuleProviderType":"Unknown"},{"Property":"VerticalAlign","Category":"Design","InvariantScript":"VerticalAlign.Middle","RuleProviderType":"Unknown"},{"Property":"X","Category":"Design","InvariantScript":"30","RuleProviderType":"Unknown"},{"Property":"Y","Category":"Design","InvariantScript":"10","RuleProviderType":"Unknown"},{"Property":"Width","Category":"Design","InvariantScript":"Parent.Width - 60","RuleProviderType":"Unknown"},{"Property":"Height","Category":"Design","InvariantScript":"48","RuleProviderType":"Unknown"},{"Property":"DisplayMode","Category":"Design","InvariantScript":"DisplayMode.Edit","RuleProviderType":"Unknown"},{"Property":"ZIndex","Category":"Design","InvariantScript":"1","RuleProviderType":"Unknown"},{"Property":"AutoHeight","Category":"Design","InvariantScript":"true","RuleProviderType":"Unknown"},{"Property":"Wrap","Category":"Design","InvariantScript":"false","RuleProviderType":"Unknown"},{"Property":"PaddingTop","Category":"Design","InvariantScript":"5","RuleProviderType":"Unknown"},{"Property":"PaddingRight","Category":"Design","InvariantScript":"5","RuleProviderType":"Unknown"},{"Property":"PaddingBottom","Category":"Design","InvariantScript":"5","RuleProviderType":"Unknown"},{"Property":"PaddingLeft","Category":"Design","InvariantScript":"0","RuleProviderType":"Unknown"},{"Property":"LineHeight","Category":"Design","InvariantScript":"1.2","RuleProviderType":"Unknown"},{"Property":"BorderThickness","Category":"Design","InvariantScript":"2","RuleProviderType":"Unknown"},{"Property":"FocusedBorderThickness","Category":"Design","InvariantScript":"4","RuleProviderType":"Unknown"},{"Property":"Size","Category":"Design","InvariantScript":"30","RuleProviderType":"Unknown"},{"Property":"Italic","Category":"Design","InvariantScript":"false","RuleProviderType":"Unknown"},{"Property":"Underline","Category":"Design","InvariantScript":"false","RuleProviderType":"Unknown"},{"Property":"Strikethrough","Category":"Design","InvariantScript":"false","RuleProviderType":"Unknown"}],"ControlPropertyState":[{"InvariantPropertyName":"Text","AutoRuleBindingEnabled":true,"AutoRuleBindingString":"","NameMapSourceSchema":"?","IsLockable":true,"AFDDataSourceName":""},"Live","Overflow","Role",{"InvariantPropertyName":"Color","AutoRuleBindingEnabled":false,"AutoRuleBindingString":"","NameMapSourceSchema":"?","IsLockable":false,"AFDDataSourceName":""},{"InvariantPropertyName":"DisabledColor","AutoRuleBindingEnabled":false,"AutoRuleBindingString":"","NameMapSourceSchema":"?","IsLockable":false,"AFDDataSourceName":""},"PressedColor","HoverColor","BorderColor","DisabledBorderColor","PressedBorderColor","HoverBorderColor","BorderStyle","FocusedBorderColor","Fill",{"InvariantPropertyName":"DisabledFill","AutoRuleBindingEnabled":false,"AutoRuleBindingString":"","NameMapSourceSchema":"?","IsLockable":false,"AFDDataSourceName":""},"PressedFill","HoverFill","Font",{"InvariantPropertyName":"FontWeight","AutoRuleBindingEnabled":false,"AutoRuleBindingString":"","NameMapSourceSchema":"?","IsLockable":false,"AFDDataSourceName":""},"Align","VerticalAlign","X","Y","Width","Height","DisplayMode","ZIndex","AutoHeight","Wrap","PaddingTop","PaddingRight","PaddingBottom","PaddingLeft","LineHeight","BorderThickness","FocusedBorderThickness",{"InvariantPropertyName":"Size","AutoRuleBindingEnabled":false,"AutoRuleBindingString":"","NameMapSourceSchema":"?","IsLockable":false,"AFDDataSourceName":""},"Italic","Underline","Strikethrough"],"IsLocked":true,"ControlUniqueId":"36","Children":[]},{"Type":"ControlInfo","Name":"DataCardValue4","HasDynamicProperties":false,"Template":{"Id":"http://microsoft.com/appmagic/label","Version":"2.3.0","LastModifiedTimestamp":"0","Name":"label","FirstParty":true,"IsCustomGroupControlTemplate":false,"CustomGroupControlTemplateName":"","IsComponentDefinition":false,"OverridableProperties":{}},"Index":0.0,"PublishOrderIndex":33,"VariantName":"","LayoutName":"","MetaDataIDKey":"%FieldValue.ID%","PersistMetaDataIDKey":false,"IsFromScreenLayout":true,"StyleName":"defaultLabelStyle","Parent":"Name_DataCard1","IsDataControl":false,"IsGroupControl":false,"IsAutoGenerated":true,"Rules":[{"Property":"Live","Category":"Data","InvariantScript":"Live.Off","RuleProviderType":"Unknown"},{"Property":"Text","Category":"Data","InvariantScript":"Parent.Default","RuleProviderType":"Unknown"},{"Property":"Role","Category":"Data","InvariantScript":"TextRole.Default","RuleProviderType":"Unknown"},{"Property":"Overflow","Category":"Design","InvariantScript":"Overflow.Hidden","RuleProviderType":"Unknown"},{"Property":"Color","Category":"Design","InvariantScript":"RGBA(255, 255, 0, 1)","RuleProviderType":"Unknown"},{"Property":"DisabledColor","Category":"Design","InvariantScript":"RGBA(0, 0, 0, 1)","RuleProviderType":"Unknown"},{"Property":"PressedColor","Category":"Design","InvariantScript":"Self.Color","RuleProviderType":"Unknown"},{"Property":"HoverColor","Category":"Design","InvariantScript":"Self.Color","RuleProviderType":"Unknown"},{"Property":"BorderColor","Category":"Design","InvariantScript":"RGBA(0, 0, 0, 0)","RuleProviderType":"Unknown"},{"Property":"DisabledBorderColor","Category":"Design","InvariantScript":"RGBA(0, 0, 0, 0)","RuleProviderType":"Unknown"},{"Property":"PressedBorderColor","Category":"Design","InvariantScript":"Self.BorderColor","RuleProviderType":"Unknown"},{"Property":"HoverBorderColor","Category":"Design","InvariantScript":"Self.BorderColor","RuleProviderType":"Unknown"},{"Property":"BorderStyle","Category":"Design","InvariantScript":"BorderStyle.None","RuleProviderType":"Unknown"},{"Property":"FocusedBorderColor","Category":"Design","InvariantScript":"Self.BorderColor","RuleProviderType":"Unknown"},{"Property":"Fill","Category":"Design","InvariantScript":"RGBA(0, 0, 0, 0)","RuleProviderType":"Unknown"},{"Property":"DisabledFill","Category":"Design","InvariantScript":"RGBA(0, 0, 0, 0)","RuleProviderType":"Unknown"},{"Property":"PressedFill","Category":"Design","InvariantScript":"Self.Fill","RuleProviderType":"Unknown"},{"Property":"HoverFill","Category":"Design","InvariantScript":"Self.Fill","RuleProviderType":"Unknown"},{"Property":"Font","Category":"Design","InvariantScript":"Font.'Segoe UI'","RuleProviderType":"Unknown"},{"Property":"FontWeight","Category":"Design","InvariantScript":"FontWeight.Bold","RuleProviderType":"Unknown"},{"Property":"Align","Category":"Design","InvariantScript":"Align.Left","RuleProviderType":"Unknown"},{"Property":"VerticalAlign","Category":"Design","InvariantScript":"VerticalAlign.Middle","RuleProviderType":"Unknown"},{"Property":"X","Category":"Design","InvariantScript":"30","RuleProviderType":"Unknown"},{"Property":"Y","Category":"Design","InvariantScript":"DataCardKey4.Y + DataCardKey4.Height + 5","RuleProviderType":"Unknown"},{"Property":"Width","Category":"Design","InvariantScript":"Parent.Width - 60","RuleProviderType":"Unknown"},{"Property":"Height","Category":"Design","InvariantScript":"40","RuleProviderType":"Unknown"},{"Property":"DisplayMode","Category":"Design","InvariantScript":"Parent.DisplayMode","RuleProviderType":"Unknown"},{"Property":"ZIndex","Category":"Design","InvariantScript":"2","RuleProviderType":"Unknown"},{"Property":"LineHeight","Category":"Design","InvariantScript":"1.2","RuleProviderType":"Unknown"},{"Property":"BorderThickness","Category":"Design","InvariantScript":"2","RuleProviderType":"Unknown"},{"Property":"FocusedBorderThickness","Category":"Design","InvariantScript":"4","RuleProviderType":"Unknown"},{"Property":"Size","Category":"Design","InvariantScript":"30","RuleProviderType":"Unknown"},{"Property":"Italic","Category":"Design","InvariantScript":"false","RuleProviderType":"Unknown"},{"Property":"Underline","Category":"Design","InvariantScript":"false","RuleProviderType":"Unknown"},{"Property":"Strikethrough","Category":"Design","InvariantScript":"false","RuleProviderType":"Unknown"},{"Property":"AutoHeight","Category":"Design","InvariantScript":"true","RuleProviderType":"Unknown"},{"Property":"PaddingTop","Category":"Design","InvariantScript":"0","RuleProviderType":"Unknown"},{"Property":"PaddingRight","Category":"Design","InvariantScript":"0","RuleProviderType":"Unknown"},{"Property":"PaddingBottom","Category":"Design","InvariantScript":"5","RuleProviderType":"Unknown"},{"Property":"PaddingLeft","Category":"Design","InvariantScript":"0","RuleProviderType":"Unknown"}],"ControlPropertyState":[{"InvariantPropertyName":"Text","AutoRuleBindingEnabled":true,"AutoRuleBindingString":"","NameMapSourceSchema":"?","IsLockable":true,"AFDDataSourceName":""},{"InvariantPropertyName":"DisplayMode","AutoRuleBindingEnabled":true,"AutoRuleBindingString":"","NameMapSourceSchema":"?","IsLockable":true,"AFDDataSourceName":""},"Live","Overflow","Role",{"InvariantPropertyName":"Color","AutoRuleBindingEnabled":false,"AutoRuleBindingString":"","NameMapSourceSchema":"?","IsLockable":false,"AFDDataSourceName":""},{"InvariantPropertyName":"DisabledColor","AutoRuleBindingEnabled":false,"AutoRuleBindingString":"","NameMapSourceSchema":"?","IsLockable":false,"AFDDataSourceName":""},"PressedColor","HoverColor","BorderColor","DisabledBorderColor","PressedBorderColor","HoverBorderColor","BorderStyle","FocusedBorderColor","Fill","DisabledFill","PressedFill","HoverFill","Font",{"InvariantPropertyName":"FontWeight","AutoRuleBindingEnabled":false,"AutoRuleBindingString":"","NameMapSourceSchema":"?","IsLockable":false,"AFDDataSourceName":""},"Align","VerticalAlign","X","Y","Width","Height","ZIndex","LineHeight","BorderThickness","FocusedBorderThickness",{"InvariantPropertyName":"Size","AutoRuleBindingEnabled":false,"AutoRuleBindingString":"","NameMapSourceSchema":"?","IsLockable":false,"AFDDataSourceName":""},"Italic","Underline","Strikethrough","AutoHeight","PaddingTop","PaddingRight","PaddingBottom","PaddingLeft"],"IsLocked":true,"ControlUniqueId":"37","Children":[]}]}]}]}}