{"Author":"","Name":"Aplicaci%25c3%25b3n.msapp","Id":"b564edf9-3c10-4628-953a-805ea016b0b8","FileID":"908ec02e-db8b-4324-a896-8a3f7e55a13c","LocalConnectionReferences":"{\"c59ece6d-0e1a-411e-b046-8cb9dc258d42\":{\"id\":\"c59ece6d-0e1a-411e-b046-8cb9dc258d42\",\"connectionInstanceId\":\"/providers/microsoft.powerapps/apis/shared_googlesheet/connections/e5529932180c4dcdac2b0e8032d0dc95\",\"dataSources\":[\"Categories\",\"Articles\",\"Authors\",\"Comments\",\"Users\",\"Videos\"],\"datasets\":{\"1mLouko_g78JJXCQ1982rTKTGm5wrc84yxrAL8KV8GaQ\":{\"dataSources\":{\"Categories\":{\"tableName\":\"1944495125\"},\"Articles\":{\"tableName\":\"1572039536\"},\"Authors\":{\"tableName\":\"371512026\"},\"Comments\":{\"tableName\":\"534863205\"},\"Users\":{\"tableName\":\"1635041260\"},\"Videos\":{\"tableName\":\"474299034\"}}}},\"dependencies\":{},\"dependents\":[],\"connectionRef\":{\"id\":\"/providers/microsoft.powerapps/apis/shared_googlesheet\",\"displayName\":\"Hojas de cálculo de Google\",\"iconUri\":\"https://connectoricons-prod.azureedge.net/googlesheet/icon_1.0.1345.1995.png\",\"parameterHints\":{},\"apiTier\":\"Standard\"}}}","LocalDatabaseReferences":"{}","LibraryDependencies":"[]","AppPreviewFlagsKey":["delayloadscreens","blockmovingcontrol","projectionmapping","usedisplaynamemetadata","usenonblockingonstartrule","useguiddatatypes","useexperimentalcdsconnector","useenforcesavedatalimits","componentauthoring","reliableconcurrent","dataTableV2Control","nativecdsexperimental","useexperimentalsqlconnector","enablecdsfileandlargeimage","enhanceddelegation","aibuilderserviceenrollment","enablesummerlandgeospatialfeatures","enablesummerlandmixedrealityfeatures"],"DocumentLayoutWidth":640,"DocumentLayoutHeight":1136,"DocumentLayoutOrientation":"portrait","DocumentLayoutScaleToFit":true,"DocumentLayoutMaintainAspectRatio":true,"DocumentLayoutLockOrientation":true,"OriginatingVersion":"1.294","DocumentAppType":"Phone","DocumentType":"App","AppCreationSource":"AppFromData","AppDescription":"","LastControlUniqueId":65,"DefaultConnectedDataSourceMaxGetRowsCount":500,"ContainsThirdPartyPcfControls":false,"ErrorCount":0,"InstrumentationKey":"","EnableInstrumentation":false,"ControlCount":{"screen":4,"rectangle":5,"label":26,"icon":11,"text":5,"gallery":1,"galleryTemplate":1,"formViewer":1,"typedDataCard":8,"form":1},"DeserializationLoadTime":1.7339382,"AnalysisLoadTime":0.4840321}