{"Resources":[{"Name":"logo","Schema":"i","IsSampleData":false,"IsWritable":false,"Type":"ResourceInfo","FileName":"0001.jpg","Path":"Assets\\Images\\0001.jpg","Content":"Image","ResourceKind":"LocalFile","RootPath":"https://docserverpaaprodeus.blob.core.windows.net/d0bea08e-afec-4016-953c-7c1e14bb125d-1/resource/Assets0Images00001.jpg?sv=2017-04-17&sr=b&sig=kyy04Fd6Ix0Vx3jjGzu9Y7afbnMiwAqqNhcZvChpWLo%3D&spr=https&se=2020-10-06T03%3A25%3A39Z&sp=r"},{"Name":"SampleImage","Schema":"i","IsSampleData":true,"IsWritable":false,"Type":"ResourceInfo","FileName":"/ctrllib/image/images/SampleImage.svg","Path":"/ctrllib/image/images/SampleImage.svg","Content":"Image","ResourceKind":"Uri","RootPath":"ms-appx:///ctrllib/image/images/SampleImage.svg"},{"Name":"Imagen1","Schema":"i","IsSampleData":false,"IsWritable":false,"Type":"ResourceInfo","FileName":"0002.png","Path":"Assets\\Images\\0002.png","Content":"Image","ResourceKind":"LocalFile","RootPath":"https://docserverpaaprodeus.blob.core.windows.net/d0bea08e-afec-4016-953c-7c1e14bb125d-1/resource/Assets0Images00002.png?sv=2017-04-17&sr=b&sig=yytIJyVngX15CfOoNlhxeECQAkMyuUYSr7UDqhrhkvc%3D&spr=https&se=2020-10-06T03%3A25%3A39Z&sp=r"},{"Name":"a9d55e4c-d7c4-4031-908c-dd29b23781c5","Schema":"i","IsSampleData":false,"IsWritable":false,"Type":"ResourceInfo","FileName":"0003.jpg","Path":"Assets\\Images\\0003.jpg","Content":"Image","ResourceKind":"LocalFile","RootPath":"https://docserverpaaprodeus.blob.core.windows.net/d0bea08e-afec-4016-953c-7c1e14bb125d-1/resource/Assets0Images00003.jpg?sv=2017-04-17&sr=b&sig=Xr3thELElgfaoPzmP%2FeKpCfrlz2uvKPKF2IYGvbCziI%3D&spr=https&se=2020-10-06T03%3A25%3A39Z&sp=r"},{"Name":"93e83065-5f3a-4871-9350-0dbbdc3343e3","Schema":"i","IsSampleData":false,"IsWritable":false,"Type":"ResourceInfo","FileName":"0004.jpg","Path":"Assets\\Images\\0004.jpg","Content":"Image","ResourceKind":"LocalFile","RootPath":"https://docserverpaaprodeus.blob.core.windows.net/d0bea08e-afec-4016-953c-7c1e14bb125d-1/resource/Assets0Images00004.jpg?sv=2017-04-17&sr=b&sig=l0sAXl0hJ1K15x7muyyNqO0rMJ9k1Zjt67%2Bq2%2Fv4C38%3D&spr=https&se=2020-10-06T03%3A25%3A39Z&sp=r"},{"Name":"cambio climatico","Schema":"i","IsSampleData":false,"IsWritable":false,"Type":"ResourceInfo","FileName":"0005.jpg","Path":"Assets\\Images\\0005.jpg","Content":"Image","ResourceKind":"LocalFile","RootPath":"https://docserverpaaprodeus.blob.core.windows.net/d0bea08e-afec-4016-953c-7c1e14bb125d-1/resource/Assets0Images00005.jpg?sv=2017-04-17&sr=b&sig=7AoV1K15usKa3vRQoTQlILC1sBAMOgtlRMxS%2BbdplGQ%3D&spr=https&se=2020-10-06T03%3A25%3A39Z&sp=r"},{"Name":"atmosfera","Schema":"i","IsSampleData":false,"IsWritable":false,"Type":"ResourceInfo","FileName":"0006.jpg","Path":"Assets\\Images\\0006.jpg","Content":"Image","ResourceKind":"LocalFile","RootPath":"https://docserverpaaprodeus.blob.core.windows.net/d0bea08e-afec-4016-953c-7c1e14bb125d-1/resource/Assets0Images00006.jpg?sv=2017-04-17&sr=b&sig=5DG%2B7uDH9QCqzphXzqeriyeXHURYNAttzzzopiikBCw%3D&spr=https&se=2020-10-06T03%3A25%3A39Z&sp=r"},{"Name":"portada","Schema":"i","IsSampleData":false,"IsWritable":false,"Type":"ResourceInfo","FileName":"0007.jpg","Path":"Assets\\Images\\0007.jpg","Content":"Image","ResourceKind":"LocalFile","RootPath":"https://docserverpaaprodeus.blob.core.windows.net/d0bea08e-afec-4016-953c-7c1e14bb125d-1/resource/Assets0Images00007.jpg?sv=2017-04-17&sr=b&sig=w6myboh01SO1kHQyGYSoMHpHRq1Q8L9%2Fkja3GCkcTqo%3D&spr=https&se=2020-10-06T03%3A25%3A39Z&sp=r"}]}