{"AppFromDataMetaDataIdsToEntityNameMappings":"{\"%DataSourceName.AFD%\":\"Categories\",\"%DataSourceValue.AFD%\":\"[@Categories]\",\"%SortFieldName.AFD%\":\"\\\"Category_ID\\\"\",\"%SearchFieldName.AFD%\":\"\\\"Category_ID\\\",\\\"Description\\\",\\\"Featured_Image\\\"\",\"%StartsWithFieldName.AFD%\":\"Category_ID\",\"%DeleteConfirmFieldName.AFD%\":\"Category_ID\",\"%SortDescending.AFD%\":\"SortDescending1\",\"%BrowseScreen.AFD%\":\"BrowseScreen1\",\"%DetailScreen.AFD%\":\"DetailScreen1\",\"%EditScreen.AFD%\":\"EditScreen1\",\"%BrowseContainer.ID%\":\"BrowseGallery1\",\"%DetailEditContainer.ID%\":\"EditForm1\"}"}