{"DataSources":[{"Name":"Categories","IsSampleData":false,"IsWritable":true,"Type":"ConnectedDataSourceInfo","DatasetName":"1mLouko_g78JJXCQ1982rTKTGm5wrc84yxrAL8KV8GaQ","TableName":"1944495125","ApiId":"/providers/microsoft.powerapps/apis/shared_googlesheet","EncodeDataset":true,"CdpRevision":{"RevisionNumber":1,"BaseUrl":"/","LastChangedTimeString":"2020-05-14T16:45:50.7830000Z"},"DataEntityMetadataJson":{"1944495125":"{\"name\":\"1944495125\",\"title\":\"Categories\",\"x-ms-permission\":\"read-write\",\"schema\":{\"type\":\"array\",\"items\":{\"type\":\"object\",\"properties\":{\"Category_ID\":{\"type\":\"string\",\"x-ms-keyOrder\":0,\"x-ms-keyType\":\"none\",\"x-ms-sort\":\"none\"},\"Name\":{\"type\":\"string\",\"x-ms-keyOrder\":0,\"x-ms-keyType\":\"none\",\"x-ms-sort\":\"none\"},\"Featured_Image\":{\"type\":\"string\",\"x-ms-keyOrder\":0,\"x-ms-keyType\":\"none\",\"x-ms-sort\":\"none\"},\"Description\":{\"type\":\"string\",\"x-ms-keyOrder\":0,\"x-ms-keyType\":\"none\",\"x-ms-sort\":\"none\"},\"__PowerAppsId__\":{\"type\":\"string\",\"x-ms-keyOrder\":1,\"x-ms-keyType\":\"primary\",\"x-ms-sort\":\"none\",\"x-ms-permission\":\"read-only\"}}}}}"},"ConnectedDataSourceInfoNameMapping":{"__PowerAppsId__":"__PowerAppsId__","Category_ID":"Category_ID","Description":"Description","Featured_Image":"Featured_Image","Name":"Name"}},{"Name":"CustomGallerySample","Schema":"*[SampleHeading:s, SampleImage:i, SampleText:s]","IsSampleData":true,"IsWritable":false,"Type":"StaticDataSourceInfo","OriginalSchema":"*[SampleHeading:s, SampleImage:i, SampleText:s]","Data":"[{\"SampleHeading\":\"Lorem ipsum 1\",\"SampleImage\":\"/ctrllib/image/images/SampleImage.svg\",\"SampleText\":\"Lorem ipsum dolor sit amet, consectetur adipiscing elit.\"},{\"SampleHeading\":\"Lorem ipsum 2\",\"SampleImage\":\"/ctrllib/image/images/SampleImage.svg\",\"SampleText\":\"Suspendisse enim metus, tincidunt quis lobortis a, fringilla dignissim neque.\"},{\"SampleHeading\":\"Lorem ipsum 3\",\"SampleImage\":\"/ctrllib/image/images/SampleImage.svg\",\"SampleText\":\"Ut pharetra a dolor ac vehicula.\"},{\"SampleHeading\":\"Lorem ipsum 4\",\"SampleImage\":\"/ctrllib/image/images/SampleImage.svg\",\"SampleText\":\"Vestibulum dui felis, fringilla nec mi sed, tristique dictum nisi.\"}]","OriginalName":"CustomGallerySample","OrderedColumnNames":["SampleImage","SampleHeading","SampleText"]},{"Name":"Articles","IsSampleData":false,"IsWritable":true,"Type":"ConnectedDataSourceInfo","DatasetName":"1mLouko_g78JJXCQ1982rTKTGm5wrc84yxrAL8KV8GaQ","TableName":"1572039536","ApiId":"/providers/microsoft.powerapps/apis/shared_googlesheet","EncodeDataset":true,"CdpRevision":{"RevisionNumber":1,"BaseUrl":"/","LastChangedTimeString":"2020-05-14T16:45:50.7830000Z"},"DataEntityMetadataJson":{"1572039536":"{\"name\":\"1572039536\",\"title\":\"Articles\",\"x-ms-permission\":\"read-write\",\"schema\":{\"type\":\"array\",\"items\":{\"type\":\"object\",\"properties\":{\"Article_ID\":{\"type\":\"string\",\"x-ms-keyOrder\":0,\"x-ms-keyType\":\"none\",\"x-ms-sort\":\"none\"},\"Title\":{\"type\":\"string\",\"x-ms-keyOrder\":0,\"x-ms-keyType\":\"none\",\"x-ms-sort\":\"none\"},\"Featured_Image\":{\"type\":\"string\",\"x-ms-keyOrder\":0,\"x-ms-keyType\":\"none\",\"x-ms-sort\":\"none\"},\"Description\":{\"type\":\"string\",\"x-ms-keyOrder\":0,\"x-ms-keyType\":\"none\",\"x-ms-sort\":\"none\"},\"Category_ID\":{\"type\":\"string\",\"x-ms-keyOrder\":0,\"x-ms-keyType\":\"none\",\"x-ms-sort\":\"none\"},\"Main_Content\":{\"type\":\"string\",\"x-ms-keyOrder\":0,\"x-ms-keyType\":\"none\",\"x-ms-sort\":\"none\"},\"Comment_ID\":{\"type\":\"string\",\"x-ms-keyOrder\":0,\"x-ms-keyType\":\"none\",\"x-ms-sort\":\"none\"},\"Author_ID\":{\"type\":\"string\",\"x-ms-keyOrder\":0,\"x-ms-keyType\":\"none\",\"x-ms-sort\":\"none\"},\"Date_Published\":{\"type\":\"string\",\"x-ms-keyOrder\":0,\"x-ms-keyType\":\"none\",\"x-ms-sort\":\"none\"},\"Last_Update\":{\"type\":\"string\",\"x-ms-keyOrder\":0,\"x-ms-keyType\":\"none\",\"x-ms-sort\":\"none\"},\"Reference_URL\":{\"type\":\"string\",\"x-ms-keyOrder\":0,\"x-ms-keyType\":\"none\",\"x-ms-sort\":\"none\"},\"__PowerAppsId__\":{\"type\":\"string\",\"x-ms-keyOrder\":1,\"x-ms-keyType\":\"primary\",\"x-ms-sort\":\"none\",\"x-ms-permission\":\"read-only\"}}}}}"},"ConnectedDataSourceInfoNameMapping":{"__PowerAppsId__":"__PowerAppsId__","Article_ID":"Article_ID","Author_ID":"Author_ID","Category_ID":"Category_ID","Comment_ID":"Comment_ID","Date_Published":"Date_Published","Description":"Description","Featured_Image":"Featured_Image","Last_Update":"Last_Update","Main_Content":"Main_Content","Reference_URL":"Reference_URL","Title":"Title"}},{"Name":"Authors","IsSampleData":false,"IsWritable":true,"Type":"ConnectedDataSourceInfo","DatasetName":"1mLouko_g78JJXCQ1982rTKTGm5wrc84yxrAL8KV8GaQ","TableName":"371512026","ApiId":"/providers/microsoft.powerapps/apis/shared_googlesheet","EncodeDataset":true,"CdpRevision":{"RevisionNumber":1,"BaseUrl":"/","LastChangedTimeString":"2020-05-14T16:45:50.7830000Z"},"DataEntityMetadataJson":{"371512026":"{\"name\":\"371512026\",\"title\":\"Authors\",\"x-ms-permission\":\"read-write\",\"schema\":{\"type\":\"array\",\"items\":{\"type\":\"object\",\"properties\":{\"Author_ID\":{\"type\":\"string\",\"x-ms-keyOrder\":0,\"x-ms-keyType\":\"none\",\"x-ms-sort\":\"none\"},\"First_Name\":{\"type\":\"string\",\"x-ms-keyOrder\":0,\"x-ms-keyType\":\"none\",\"x-ms-sort\":\"none\"},\"Last_Name\":{\"type\":\"string\",\"x-ms-keyOrder\":0,\"x-ms-keyType\":\"none\",\"x-ms-sort\":\"none\"},\"Organization\":{\"type\":\"string\",\"x-ms-keyOrder\":0,\"x-ms-keyType\":\"none\",\"x-ms-sort\":\"none\"},\"__PowerAppsId__\":{\"type\":\"string\",\"x-ms-keyOrder\":1,\"x-ms-keyType\":\"primary\",\"x-ms-sort\":\"none\",\"x-ms-permission\":\"read-only\"}}}}}"},"ConnectedDataSourceInfoNameMapping":{"__PowerAppsId__":"__PowerAppsId__","Author_ID":"Author_ID","First_Name":"First_Name","Last_Name":"Last_Name","Organization":"Organization"}},{"Name":"Comments","IsSampleData":false,"IsWritable":true,"Type":"ConnectedDataSourceInfo","DatasetName":"1mLouko_g78JJXCQ1982rTKTGm5wrc84yxrAL8KV8GaQ","TableName":"534863205","ApiId":"/providers/microsoft.powerapps/apis/shared_googlesheet","EncodeDataset":true,"CdpRevision":{"RevisionNumber":1,"BaseUrl":"/","LastChangedTimeString":"2020-05-14T16:45:50.7830000Z"},"DataEntityMetadataJson":{"534863205":"{\"name\":\"534863205\",\"title\":\"Comments\",\"x-ms-permission\":\"read-write\",\"schema\":{\"type\":\"array\",\"items\":{\"type\":\"object\",\"properties\":{\"Comment_ID\":{\"type\":\"string\",\"x-ms-keyOrder\":0,\"x-ms-keyType\":\"none\",\"x-ms-sort\":\"none\"},\"Article_ID\":{\"type\":\"string\",\"x-ms-keyOrder\":0,\"x-ms-keyType\":\"none\",\"x-ms-sort\":\"none\"},\"User_ID\":{\"type\":\"string\",\"x-ms-keyOrder\":0,\"x-ms-keyType\":\"none\",\"x-ms-sort\":\"none\"},\"Comment_Text\":{\"type\":\"string\",\"x-ms-keyOrder\":0,\"x-ms-keyType\":\"none\",\"x-ms-sort\":\"none\"},\"Comment_Date\":{\"type\":\"string\",\"x-ms-keyOrder\":0,\"x-ms-keyType\":\"none\",\"x-ms-sort\":\"none\"},\"__PowerAppsId__\":{\"type\":\"string\",\"x-ms-keyOrder\":1,\"x-ms-keyType\":\"primary\",\"x-ms-sort\":\"none\",\"x-ms-permission\":\"read-only\"}}}}}"},"ConnectedDataSourceInfoNameMapping":{"__PowerAppsId__":"__PowerAppsId__","Article_ID":"Article_ID","Comment_Date":"Comment_Date","Comment_ID":"Comment_ID","Comment_Text":"Comment_Text","User_ID":"User_ID"}},{"Name":"Users","IsSampleData":false,"IsWritable":true,"Type":"ConnectedDataSourceInfo","DatasetName":"1mLouko_g78JJXCQ1982rTKTGm5wrc84yxrAL8KV8GaQ","TableName":"1635041260","ApiId":"/providers/microsoft.powerapps/apis/shared_googlesheet","EncodeDataset":true,"CdpRevision":{"RevisionNumber":1,"BaseUrl":"/","LastChangedTimeString":"2020-05-14T16:45:50.7830000Z"},"DataEntityMetadataJson":{"1635041260":"{\"name\":\"1635041260\",\"title\":\"Users\",\"x-ms-permission\":\"read-write\",\"schema\":{\"type\":\"array\",\"items\":{\"type\":\"object\",\"properties\":{\"User_ID\":{\"type\":\"string\",\"x-ms-keyOrder\":0,\"x-ms-keyType\":\"none\",\"x-ms-sort\":\"none\"},\"Username\":{\"type\":\"string\",\"x-ms-keyOrder\":0,\"x-ms-keyType\":\"none\",\"x-ms-sort\":\"none\"},\"First_Name\":{\"type\":\"string\",\"x-ms-keyOrder\":0,\"x-ms-keyType\":\"none\",\"x-ms-sort\":\"none\"},\"Last_Name\":{\"type\":\"string\",\"x-ms-keyOrder\":0,\"x-ms-keyType\":\"none\",\"x-ms-sort\":\"none\"},\"Email\":{\"type\":\"string\",\"x-ms-keyOrder\":0,\"x-ms-keyType\":\"none\",\"x-ms-sort\":\"none\"},\"Password\":{\"type\":\"string\",\"x-ms-keyOrder\":0,\"x-ms-keyType\":\"none\",\"x-ms-sort\":\"none\"},\"__PowerAppsId__\":{\"type\":\"string\",\"x-ms-keyOrder\":1,\"x-ms-keyType\":\"primary\",\"x-ms-sort\":\"none\",\"x-ms-permission\":\"read-only\"}}}}}"},"ConnectedDataSourceInfoNameMapping":{"__PowerAppsId__":"__PowerAppsId__","Email":"Email","First_Name":"First_Name","Last_Name":"Last_Name","Password":"Password","User_ID":"User_ID","Username":"Username"}},{"Name":"Videos","IsSampleData":false,"IsWritable":true,"Type":"ConnectedDataSourceInfo","DatasetName":"1mLouko_g78JJXCQ1982rTKTGm5wrc84yxrAL8KV8GaQ","TableName":"474299034","ApiId":"/providers/microsoft.powerapps/apis/shared_googlesheet","EncodeDataset":true,"CdpRevision":{"RevisionNumber":1,"BaseUrl":"/","LastChangedTimeString":"2020-05-14T16:45:50.7830000Z"},"DataEntityMetadataJson":{"474299034":"{\"name\":\"474299034\",\"title\":\"Videos\",\"x-ms-permission\":\"read-write\",\"schema\":{\"type\":\"array\",\"items\":{\"type\":\"object\",\"properties\":{\"Video_ID\":{\"type\":\"string\",\"x-ms-keyOrder\":0,\"x-ms-keyType\":\"none\",\"x-ms-sort\":\"none\"},\"Title\":{\"type\":\"string\",\"x-ms-keyOrder\":0,\"x-ms-keyType\":\"none\",\"x-ms-sort\":\"none\"},\"Description\":{\"type\":\"string\",\"x-ms-keyOrder\":0,\"x-ms-keyType\":\"none\",\"x-ms-sort\":\"none\"},\"Category_ID\":{\"type\":\"string\",\"x-ms-keyOrder\":0,\"x-ms-keyType\":\"none\",\"x-ms-sort\":\"none\"},\"URL\":{\"type\":\"string\",\"x-ms-keyOrder\":0,\"x-ms-keyType\":\"none\",\"x-ms-sort\":\"none\"},\"Date_Published\":{\"type\":\"string\",\"x-ms-keyOrder\":0,\"x-ms-keyType\":\"none\",\"x-ms-sort\":\"none\"},\"__PowerAppsId__\":{\"type\":\"string\",\"x-ms-keyOrder\":1,\"x-ms-keyType\":\"primary\",\"x-ms-sort\":\"none\",\"x-ms-permission\":\"read-only\"}}}}}"},"ConnectedDataSourceInfoNameMapping":{"__PowerAppsId__":"__PowerAppsId__","Category_ID":"Category_ID","Date_Published":"Date_Published","Description":"Description","Title":"Title","URL":"URL","Video_ID":"Video_ID"}}]}