{"schemaVersion":"1.0","appDefinitionTemplate":{"id":"/providers/Microsoft.PowerApps/apps/","type":"Microsoft.PowerApps/apps","tags":{"primaryDeviceWidth":"640","primaryDeviceHeight":"1136","sienaVersion":"20201005T035949Z-3.20092.39.0","deviceCapabilities":"","supportsPortrait":"true","supportsLandscape":"false","primaryFormFactor":"Phone","publisherVersion":"3.20092.39","minimumRequiredApiVersion":"2.2.0","hasComponent":"false","hasUnlockedComponent":"false","isUnifiedRootApp":"false"},"properties":{"appVersion":"2020-10-05T03:59:49Z","lifeCycleId":"Published","createdByClientVersion":{"major":3,"minor":20092,"build":39,"revision":0,"majorRevision":0,"minorRevision":0},"minClientVersion":{"major":3,"minor":20092,"build":39,"revision":0,"majorRevision":0,"minorRevision":0},"backgroundColor":"rgba(0, 176, 240, 1)","backgroundImageUri":"/5563643298485192173/Nf7b829ea-7a20-43d6-907c-98707e7ed204-logoSmallFile","displayName":"Aplicación","description":"","commitMessage":"","appUris":{"documentUri":{"value":"/5563643298485192173/N2c6297a0-39f8-4884-b94f-debe3351e99b-document.msapp","readonlyValue":"/5563643298485192173/N2c6297a0-39f8-4884-b94f-debe3351e99b-document.msapp"},"imageUris":[]},"createdTime":"0001-01-01T00:00:00Z","lastModifiedTime":"0001-01-01T00:00:00Z","sharedGroupsCount":0,"sharedUsersCount":0,"icons":{"smallIconUri":"/5563643298485192173/N474feab8-5dd5-4337-a759-7cc2ee41c8c8-small.png","mediumIconUri":"/5563643298485192173/N9833d714-1126-4a99-9c1e-5bf94862174e-medium.png","largeIconUri":"/5563643298485192173/Nc5034ccc-febe-4136-8f3d-1dab26726591-large.png","wideIconUri":"/5563643298485192173/N9070254c-199a-4ccc-bd9e-1880e7079eab-wide.png"},"connectionReferences":{"c59ece6d-0e1a-411e-b046-8cb9dc258d42":{"id":"1a218aae-f33e-4915-bb3d-c35818b8e47d","displayName":"Hojas de cálculo de Google","iconUri":"https://connectoricons-prod.azureedge.net/googlesheet/icon_1.0.1345.1995.png","dataSources":["Categories","Articles","Authors","Comments","Users","Videos"],"dependencies":[],"dependents":[],"parameterHints":{},"isOnPremiseConnection":false,"bypassConsent":false,"dataSets":{"1mLouko_g78JJXCQ1982rTKTGm5wrc84yxrAL8KV8GaQ":{"dataSources":{"Categories":{"tableName":"1944495125"},"Articles":{"tableName":"1572039536"},"Authors":{"tableName":"371512026"},"Comments":{"tableName":"534863205"},"Users":{"tableName":"1635041260"},"Videos":{"tableName":"474299034"}}}},"apiTier":"Standard","isCustomApiConnection":false}},"databaseReferences":{},"almMode":"Environment","performanceOptimizationEnabled":true,"canConsumeAppPass":true},"isAppComponentLibrary":false,"appType":"ClassicCanvasApp","appComponents":[]}}